,text,external_id,error,classifications,error_detail
0,ur in her dms am playing the questions game with her in google hangout we are not the same ,,False,"[{'tag_name': 'Positive', 'tag_id': 122921383, 'confidence': 0.657}]",
1, helpafellowdev the turnout of this hangout is getting big reubenkihiu googleafrica google,,False,"[{'tag_name': 'Neutral', 'tag_id': 122921384, 'confidence': 0.879}]",
2,received new lip stain put it on lives up to the hype and has indeed stained my lips beautiful red only proble ,,False,"[{'tag_name': 'Positive', 'tag_id': 122921383, 'confidence': 0.908}]",
3, artgerm another sketch during google hangout with friends while doing my social distancing maishiranui kof ,,False,"[{'tag_name': 'Neutral', 'tag_id': 122921384, 'confidence': 0.868}]",
4, katmasterson check out my teacher message on google hangout and class dojo promoting me to model live fundations lesson  ,,False,"[{'tag_name': 'Neutral', 'tag_id': 122921384, 'confidence': 0.852}]",
5, sarajenthomas mrshoopdiddy cerirhys wgmin_education it is called zoom microsoft teams or google hangout all ava ,,False,"[{'tag_name': 'Neutral', 'tag_id': 122921384, 'confidence': 0.772}]",
6,check out my teacher message on google hangout and class dojo promoting me to model live fundations lesson ,,False,"[{'tag_name': 'Neutral', 'tag_id': 122921384, 'confidence': 0.834}]",
7, impact all meetings are now online if you like to host webinar google hangout zoom etc impact would love to plug in and ,,False,"[{'tag_name': 'Neutral', 'tag_id': 122921384, 'confidence': 0.76}]",
8, carleybeale today google hangout visits included sensory scavenger hunt and speed race scavenger hunt said goodbye to some am ,,False,"[{'tag_name': 'Negative', 'tag_id': 122921385, 'confidence': 0.556}]",
9, artgerm another sketch during google hangout with friends while doing my social distancing maishiranui kof ,,False,"[{'tag_name': 'Neutral', 'tag_id': 122921384, 'confidence': 0.868}]",
10,bank holiday monday with bek next week we re joined by pauldeeprose of the career gym paul will be discussing al ,,False,"[{'tag_name': 'Neutral', 'tag_id': 122921384, 'confidence': 0.726}]",
11, karenboyarchuk had google hangout with student forgot how much my teaching changes with student facial expressions and tone of ,,False,"[{'tag_name': 'Negative', 'tag_id': 122921385, 'confidence': 0.627}]",
12,all meetings are now online if you like to host webinar google hangout zoom etc impact would love to plu ,,False,"[{'tag_name': 'Positive', 'tag_id': 122921383, 'confidence': 0.951}]",
13, bubleteah ayu kita video call pake google hangout,,False,"[{'tag_name': 'Neutral', 'tag_id': 122921384, 'confidence': 0.679}]",
14, rachelmentiply sorry was on mute zoom skype google hangout facetime we ve all heard it when using it for work or socialisi ,,False,"[{'tag_name': 'Negative', 'tag_id': 122921385, 'confidence': 0.793}]",
15, eze_cg kaytiki it looks like google hangout is what we now know as google meet see what found when search to ,,False,"[{'tag_name': 'Negative', 'tag_id': 122921385, 'confidence': 0.533}]",
16, mrsarnoldsideas just finished my first google hangout meets by class warms my heart to see all those smiling faces and hear how they ,,False,"[{'tag_name': 'Positive', 'tag_id': 122921383, 'confidence': 0.965}]",
17, sorry was on mute zoom skype google hangout facetime we ve all heard it when using it for work or socia ,,False,"[{'tag_name': 'Positive', 'tag_id': 122921383, 'confidence': 0.762}]",
18, angelsofmrr keep telling every keanu messaging me that keanu doesn have social media they change the subject ,,False,"[{'tag_name': 'Neutral', 'tag_id': 122921384, 'confidence': 0.75}]",
19, googleindia google please add mute button to meet hangout call ,,False,"[{'tag_name': 'Neutral', 'tag_id': 122921384, 'confidence': 0.49}]",
20, heathcastor themegaloo like two zooms and maybe an elevated facetime maybe just running google hangout,,False,"[{'tag_name': 'Neutral', 'tag_id': 122921384, 'confidence': 0.724}]",
21, thinking of doing consecutive live streams this weekend with people just coming on google hangout ,,False,"[{'tag_name': 'Neutral', 'tag_id': 122921384, 'confidence': 0.891}]",
22, justomotayo kaytiki google hangout has been around though ,,False,"[{'tag_name': 'Neutral', 'tag_id': 122921384, 'confidence': 0.476}]",
23, humancoders screen share via google hangout tout simplement ,,False,"[{'tag_name': 'Neutral', 'tag_id': 122921384, 'confidence': 0.907}]",
24, tcc_grouchy so just had my annual performance review done over google hangout by person who had to have someone else set up the ,,False,"[{'tag_name': 'Negative', 'tag_id': 122921385, 'confidence': 0.452}]",
25, karenboyarchuk had google hangout with student forgot how much my teaching changes with student facial expressions and tone of ,,False,"[{'tag_name': 'Negative', 'tag_id': 122921385, 'confidence': 0.627}]",
26,absolutely weeping to florence and the machine after sat in google hangout alone for minutes ,,False,"[{'tag_name': 'Negative', 'tag_id': 122921385, 'confidence': 0.717}]",
27, recommend microsoft not couple microsoft and teams do you want to be one more google hangout meet ,,False,"[{'tag_name': 'Neutral', 'tag_id': 122921384, 'confidence': 0.831}]",
28, spent dollars on korean skin care products so when you see startlingly bad bitch in our next google hangout you re welcome ,,False,"[{'tag_name': 'Negative', 'tag_id': 122921385, 'confidence': 0.94}]",
29,please check your emails for the link invitation to the google hangout ,,False,"[{'tag_name': 'Neutral', 'tag_id': 122921384, 'confidence': 0.643}]",
30,hey looking forward to our first date via zoom or google hangout whatever,,False,"[{'tag_name': 'Positive', 'tag_id': 122921383, 'confidence': 0.756}]",
31, eli_ray google hangout he sent link because of certain phone settings and my own reticence don know if it was bad link ,,False,"[{'tag_name': 'Neutral', 'tag_id': 122921384, 'confidence': 0.768}]",
32,had google hangout with student forgot how much my teaching changes with student facial expressions and tone ,,False,"[{'tag_name': 'Negative', 'tag_id': 122921385, 'confidence': 0.556}]",
33, newfound appreciation for google classroom meets hangout as multiple ways to connect with students however ,,False,"[{'tag_name': 'Neutral', 'tag_id': 122921384, 'confidence': 0.722}]",
34, dmhsps_tdsb don miss it unstoppabletrac will be our guest speaker at our june hilliardpride google ss hangout at am we are ,,False,"[{'tag_name': 'Neutral', 'tag_id': 122921384, 'confidence': 0.68}]",
35,got lit off google hangout hello ,,False,"[{'tag_name': 'Neutral', 'tag_id': 122921384, 'confidence': 0.474}]",
36,omg knew she was psycho when she used google hangout instead of zoom m always right,,False,"[{'tag_name': 'Negative', 'tag_id': 122921385, 'confidence': 0.732}]",
37,hannah and lera last google hangout they didn want to hang up seeyounextyear loveyou lastdayofschool ,,False,"[{'tag_name': 'Positive', 'tag_id': 122921383, 'confidence': 0.754}]",
38, diehardmmapod ufc fight night recap amp hangout is up please share google spotify https co  ,,False,"[{'tag_name': 'Neutral', 'tag_id': 122921384, 'confidence': 0.534}]",
39, mswilliamsflps thank you to everyone who joined our first grade information google hangout tonight we look forward to working with ,,False,"[{'tag_name': 'Positive', 'tag_id': 122921383, 'confidence': 0.876}]",
40,today google hangout visits included sensory scavenger hunt and speed race scavenger hunt said goodbye to ,,False,"[{'tag_name': 'Negative', 'tag_id': 122921385, 'confidence': 0.915}]",
41, insidethetube holy cow that is like complete quarantine date night let get on google hangout and play love co ,,False,"[{'tag_name': 'Positive', 'tag_id': 122921383, 'confidence': 0.807}]",
42,thank you to everyone who joined our first grade information google hangout tonight we look forward to working wi ,,False,"[{'tag_name': 'Positive', 'tag_id': 122921383, 'confidence': 0.881}]",
43,loving his outdoor google hangout with his class today sunshine vikingvoyage ,,False,"[{'tag_name': 'Positive', 'tag_id': 122921383, 'confidence': 0.612}]",
44, artgerm google hangout with friends and sketching while doing my social distancing think will end up with quite stack of sketch ,,False,"[{'tag_name': 'Positive', 'tag_id': 122921383, 'confidence': 0.724}]",
45,had meet amp greet tonight on google hangout with my department it was nice to meet my professors classes start ,,False,"[{'tag_name': 'Positive', 'tag_id': 122921383, 'confidence': 0.598}]",
46, angelasterritt is anyone used to not feeling super awkward on zoom google hangout etc by now ,,False,"[{'tag_name': 'Neutral', 'tag_id': 122921384, 'confidence': 0.702}]",
47,if there was hell it would be me trying to end google hangout meeting on repeat ,,False,"[{'tag_name': 'Negative', 'tag_id': 122921385, 'confidence': 0.625}]",
48,today my family had google hangout to watch my sister get married in her fiancÃ© hospital room miles from ,,False,"[{'tag_name': 'Positive', 'tag_id': 122921383, 'confidence': 0.577}]",
49, harrisontrust carmelhealth coachmatheson anytime ll be writing progress reports tomorrow so google hangout ,,False,"[{'tag_name': 'Neutral', 'tag_id': 122921384, 'confidence': 0.609}]",
50, collalexis had our last google hangout of the year will truly miss my students it not goodbye it a see you later https ,,False,"[{'tag_name': 'Negative', 'tag_id': 122921385, 'confidence': 0.531}]",
51, doctorvig davidshoremd can we do google doc hangout instead of zoom meeting lol,,False,"[{'tag_name': 'Neutral', 'tag_id': 122921384, 'confidence': 0.688}]",
52, bluspacecommun mimslady and google is doing wonders with it is hangout app also saw the new live amp duo app ,,False,"[{'tag_name': 'Neutral', 'tag_id': 122921384, 'confidence': 0.548}]",
53,mine was being able to have google hangout with some of my th graders that will be moving onto middle school nex ,,False,"[{'tag_name': 'Neutral', 'tag_id': 122921384, 'confidence': 0.788}]",
54, coleyworld yea no zooms google hangout outs webex meetings on monday get to sleep in and not worry about if ,,False,"[{'tag_name': 'Negative', 'tag_id': 122921385, 'confidence': 0.632}]",
55,google hangout assembly today hi everyone today we will have another goggle hangout school ,,False,"[{'tag_name': 'Neutral', 'tag_id': 122921384, 'confidence': 0.503}]",
56,come hangout with me gt join me on bigolive right now be sure google robinpowerroyal on bigolive ,,False,"[{'tag_name': 'Positive', 'tag_id': 122921383, 'confidence': 0.744}]",
57, bestbuddiestj we miss so much about our buddies especially having fun baking cookies amp brownies together at school so mug cakes ,,False,"[{'tag_name': 'Positive', 'tag_id': 122921383, 'confidence': 0.871}]",
58, on google hangout with few coworkers hangin out and drinking and one other person we work with is dialed in ,,False,"[{'tag_name': 'Neutral', 'tag_id': 122921384, 'confidence': 0.639}]",
59, dmhsps_tdsb don miss it unstoppabletrac will be our guest speaker at our june hilliardpride google ss hangout at am we are ,,False,"[{'tag_name': 'Neutral', 'tag_id': 122921384, 'confidence': 0.68}]",
60,two conference calls today via blue jeans am google hangout amp zoom gal and now this is in my head nonstop ,,False,"[{'tag_name': 'Negative', 'tag_id': 122921385, 'confidence': 0.674}]",
61,it wasn the best attended google hangout but it was nice to see faces and hear voices charlescityexperience ,,False,"[{'tag_name': 'Positive', 'tag_id': 122921383, 'confidence': 0.904}]",
62, kat in lite of recent events themightychloec is staying with me for the time being email us we are offering double google ha ,,False,"[{'tag_name': 'Neutral', 'tag_id': 122921384, 'confidence': 0.652}]",
63,somehow convinced myself needed better recording gear not even sure what for yeti mic magewell thingy to tu ,,False,"[{'tag_name': 'Negative', 'tag_id': 122921385, 'confidence': 0.782}]",
64,trivia virtually tonight pm andrewsbarexam win kbc gift card free to play individ or team link to br ,,False,"[{'tag_name': 'Neutral', 'tag_id': 122921384, 'confidence': 0.435}]",
65, nerdynick_ drunkenmstrpaul dskoopa kinszilla kelslewin swlovinist once the pandemic lifts we ll be good ,,False,"[{'tag_name': 'Positive', 'tag_id': 122921383, 'confidence': 0.875}]",
66, diehardmmapod ufc fight night recap amp hangout is up please share google spotify https co ,,False,"[{'tag_name': 'Neutral', 'tag_id': 122921384, 'confidence': 0.534}]",
67, gaughranhe gm_hsc familybolton boltonathome jump on their google hangout sometime ,,False,"[{'tag_name': 'Neutral', 'tag_id': 122921384, 'confidence': 0.903}]",
68, sheymouse punkmik alt_lv plus you can always pop into the tester hangout and say hi ,,False,"[{'tag_name': 'Neutral', 'tag_id': 122921384, 'confidence': 0.655}]",
69, punkmik alt_lv plus you can always pop into the tester hangout and say hi ,,False,"[{'tag_name': 'Neutral', 'tag_id': 122921384, 'confidence': 0.694}]",
70, mean like on google hangout or sth,,False,"[{'tag_name': 'Neutral', 'tag_id': 122921384, 'confidence': 0.699}]",
71, olimar eldergrizzly illinoisblue robertclinsdell felstedboy nah ah it lazy go to shit like shopping on bl ,,False,"[{'tag_name': 'Negative', 'tag_id': 122921385, 'confidence': 0.599}]",
72,today we played spy during our google hangout also love receiving these messages we all miss you too ,,False,"[{'tag_name': 'Positive', 'tag_id': 122921383, 'confidence': 0.991}]",
73,just did my first google hangout video chat amp it was way more seamless than zoom imo people should be using it more ,,False,"[{'tag_name': 'Positive', 'tag_id': 122921383, 'confidence': 0.757}]",
74, tcc_grouchy so just had my annual performance review done over google hangout by person who had to have someone else set up the ,,False,"[{'tag_name': 'Negative', 'tag_id': 122921385, 'confidence': 0.452}]",
75, samseyz hi everyone dressed up for google hangout bc it just be like that in quarantine ,,False,"[{'tag_name': 'Neutral', 'tag_id': 122921384, 'confidence': 0.391}]",
76, fhvikings if you have questions or need help we will have google hangout on may th am to answer questions and help those that ,,False,"[{'tag_name': 'Neutral', 'tag_id': 122921384, 'confidence': 0.672}]",
77,hi everyone dressed up for google hangout bc it just be like that in quarantine ,,False,"[{'tag_name': 'Positive', 'tag_id': 122921383, 'confidence': 0.637}]",
78,in recent episode of google webmaster hangout google advocate john mueller discussed negative seo as well as ot  ,,False,"[{'tag_name': 'Negative', 'tag_id': 122921385, 'confidence': 0.472}]",
79,reminds me of when dan and met we did google hangout for pad podcast day kept making snide remarks about ,,False,"[{'tag_name': 'Negative', 'tag_id': 122921385, 'confidence': 0.83}]",
80, dmhsps_tdsb don miss it unstoppabletrac will be our guest speaker at our june hilliardpride google ss hangout at am we are ,,False,"[{'tag_name': 'Neutral', 'tag_id': 122921384, 'confidence': 0.68}]",
81, english honors final google hangout video good bye this lively class was an awesome way to end each day ,,False,"[{'tag_name': 'Positive', 'tag_id': 122921383, 'confidence': 0.994}]",
82, andysimpson kylecinvail christinamariek mollysearcy we use google hangouts once you book your time slot you  ,,False,"[{'tag_name': 'Neutral', 'tag_id': 122921384, 'confidence': 0.715}]",
83,so just had my annual performance review done over google hangout by person who had to have someone else set ,,False,"[{'tag_name': 'Negative', 'tag_id': 122921385, 'confidence': 0.937}]",
84,,,True,,"Invalid text, empty strings are not allowed"
85, angelasterritt is anyone used to not feeling super awkward on zoom google hangout etc by now ,,False,"[{'tag_name': 'Neutral', 'tag_id': 122921384, 'confidence': 0.702}]",
86,agh why is this google hangout connection so bad for my dance class ,,False,"[{'tag_name': 'Negative', 'tag_id': 122921385, 'confidence': 0.984}]",
87,don miss it unstoppabletrac will be our guest speaker at our june hilliardpride google ss hangout at am ,,False,"[{'tag_name': 'Positive', 'tag_id': 122921383, 'confidence': 0.896}]",
88,is anyone used to not feeling super awkward on zoom google hangout etc by now ,,False,"[{'tag_name': 'Neutral', 'tag_id': 122921384, 'confidence': 0.81}]",
89,talking to my coworkers on google hangout and professed to them my hunger games tumblr era and one of them asked ,,False,"[{'tag_name': 'Neutral', 'tag_id': 122921384, 'confidence': 0.505}]",
90,the moment you realize and remember every poster you made is backwards for your last google hangout of the school ,,False,"[{'tag_name': 'Positive', 'tag_id': 122921383, 'confidence': 0.658}]",
91, demarcodepolo mean google hangout skype,,False,"[{'tag_name': 'Neutral', 'tag_id': 122921384, 'confidence': 0.832}]",
92, arianagrande someone come and crash my school meeting at pm in google hangout live in jamaica so be on ,,False,"[{'tag_name': 'Neutral', 'tag_id': 122921384, 'confidence': 0.578}]",
93,hey georgelopez down to hang with the boys tomorrow evening cst ll send you the google hangout link later,,False,"[{'tag_name': 'Neutral', 'tag_id': 122921384, 'confidence': 0.607}]",
94,someone come crash my school google meet on hangout plsss its at ,,False,"[{'tag_name': 'Neutral', 'tag_id': 122921384, 'confidence': 0.692}]",
95, mrsmjohnson_eng english honors final google hangout video good bye it was the perfect way to start each day with these wonderfu ,,False,"[{'tag_name': 'Positive', 'tag_id': 122921383, 'confidence': 0.996}]",
96, english honors final google hangout video good bye it was the perfect way to start each day with these wonde ,,False,"[{'tag_name': 'Positive', 'tag_id': 122921383, 'confidence': 0.978}]",
97,thespians see you on our virtual hangout in minutes google meet link will be on the thespian classroom soon ,,False,"[{'tag_name': 'Neutral', 'tag_id': 122921384, 'confidence': 0.825}]",
98, getting ready for the amp wedding in our jk google hangout on outdoor classroom day the jk students are dressin ,,False,"[{'tag_name': 'Positive', 'tag_id': 122921383, 'confidence': 0.889}]",
99, sarahjamielewis one thing have noticed at my work is the amount of socializing that happens in the office drops ,,False,"[{'tag_name': 'Positive', 'tag_id': 122921383, 'confidence': 0.677}]",
100, gtcost reuters google limited hangout ,,False,"[{'tag_name': 'Neutral', 'tag_id': 122921384, 'confidence': 0.522}]",
101,jacob drew flamingo with his class today during their google hangout megs_ostrander willowvillee westcler ,,False,"[{'tag_name': 'Neutral', 'tag_id': 122921384, 'confidence': 0.615}]",
102,it is special kind of panic when you burp during google hangout and suddenly become unsure if you re muted or not,,False,"[{'tag_name': 'Positive', 'tag_id': 122921383, 'confidence': 0.614}]",
103, the_real_coach are you free this weekend at all google hangout for little ,,False,"[{'tag_name': 'Negative', 'tag_id': 122921385, 'confidence': 0.749}]",
104, artgerm google hangout with friends and sketching while doing my social distancing think will end up with quite stack of sketch ,,False,"[{'tag_name': 'Positive', 'tag_id': 122921383, 'confidence': 0.724}]",
105,had our last google hangout of the year will truly miss my students it not goodbye it a see you later ,,False,"[{'tag_name': 'Positive', 'tag_id': 122921383, 'confidence': 0.783}]",
106, english honors final google hangout video good bye this was an amazing class that made each day memorable ,,False,"[{'tag_name': 'Positive', 'tag_id': 122921383, 'confidence': 0.994}]",
107, madebygoogle can you make link that opens new hangout like https co nfyllz gr ,,False,"[{'tag_name': 'Neutral', 'tag_id': 122921384, 'confidence': 0.706}]",
108, dlcmsnoun please am having difficulty joining the meeting via zoom for the gst enterprise idea presentation ,,False,"[{'tag_name': 'Negative', 'tag_id': 122921385, 'confidence': 0.494}]",
109, corporatecake absolutely they also be able to phone and email the issue is only virtual office hours which at ,,False,"[{'tag_name': 'Positive', 'tag_id': 122921383, 'confidence': 0.382}]",
110,google hangout meeting mrs nelson read picnic story while we enjoyed snack with our teddy bears ms mary ann ,,False,"[{'tag_name': 'Positive', 'tag_id': 122921383, 'confidence': 0.859}]",
111,was jiggin this morning in the st grade google hangout ,,False,"[{'tag_name': 'Neutral', 'tag_id': 122921384, 'confidence': 0.79}]",
112, nelsonhavi go google meet or hangout does not expire ,,False,"[{'tag_name': 'Negative', 'tag_id': 122921385, 'confidence': 0.588}]",
113,me everyday so far this week have had zoom and google hangout meeting this isn counting zoom gym clas ,,False,"[{'tag_name': 'Negative', 'tag_id': 122921385, 'confidence': 0.465}]",
114, spottedlaurier find way to connect tp community e netflix party virtual escape rooms google hangout with ,,False,"[{'tag_name': 'Neutral', 'tag_id': 122921384, 'confidence': 0.743}]",
115,husband what are you doing with yourself today me look ve got to tell the kindergartener when it time to get on the google hangout ,,False,"[{'tag_name': 'Neutral', 'tag_id': 122921384, 'confidence': 0.566}]",
116,come hangout with us on google hangouts sign up on google class under the classwork tab we miss seeing all of ,,False,"[{'tag_name': 'Positive', 'tag_id': 122921383, 'confidence': 0.648}]",
117, mrbotelho tomorrow google hangout th grade math classes are back to the future themed realmikefox let us know if back to th gra ,,False,"[{'tag_name': 'Neutral', 'tag_id': 122921384, 'confidence': 0.617}]",
118, mgshanks gwc_news yes they do we were fortunate that only three didn have access to an account they watched ,,False,"[{'tag_name': 'Negative', 'tag_id': 122921385, 'confidence': 0.82}]",
119, abbybarras lukewrd m free now too how about you my lovely lukewrd can jump on out google hangout,,False,"[{'tag_name': 'Neutral', 'tag_id': 122921384, 'confidence': 0.543}]",
120,yesterday during our advisory google hangout we played pictionary students shared their screen of their sketches ,,False,"[{'tag_name': 'Neutral', 'tag_id': 122921384, 'confidence': 0.814}]",
121,spontaneous crypto city hangout in minutes ama about crypto trading or take peak at what the team is doing ,,False,"[{'tag_name': 'Negative', 'tag_id': 122921385, 'confidence': 0.667}]",
122, have minutes until this euro google hangout and am simply toasting scone would like to bake scones for timothy stoker,,False,"[{'tag_name': 'Neutral', 'tag_id': 122921384, 'confidence': 0.428}]",
123,guest appearances on google hangout by meeka may phys ed teachers at hardin park they even did morning workou ,,False,"[{'tag_name': 'Positive', 'tag_id': 122921383, 'confidence': 0.605}]",
124, will not be on google hangout anyways didn witk to well ,,False,"[{'tag_name': 'Neutral', 'tag_id': 122921384, 'confidence': 0.643}]",
125, juicebookgroup our next virtual book group meeting will take place on tuesday june at to we will be discussing the ,,False,"[{'tag_name': 'Neutral', 'tag_id': 122921384, 'confidence': 0.654}]",
126, google hangout class with bunch of kindergarteners oh boy ,,False,"[{'tag_name': 'Neutral', 'tag_id': 122921384, 'confidence': 0.572}]",
127,tonight pm we have s weekly virtualhappyhour we have check ins conversation amp prayer come amp go ,,False,"[{'tag_name': 'Positive', 'tag_id': 122921383, 'confidence': 0.713}]",
128, mmealling zoom is the one use the most it what we use for our spacenews webinar series as well have also at ,,False,"[{'tag_name': 'Positive', 'tag_id': 122921383, 'confidence': 0.551}]",
129,boiiii will not be the first on the google hangout when didnt organize the meeting lol someone needs to pop up before myself haha,,False,"[{'tag_name': 'Neutral', 'tag_id': 122921384, 'confidence': 0.503}]",
130, kate_rodgers school is too cheap to invest in zoom account so we do be having google hangout grad instead,,False,"[{'tag_name': 'Positive', 'tag_id': 122921383, 'confidence': 0.441}]",
131, pattonsanders oh wait from the phone you need the google hangout app,,False,"[{'tag_name': 'Neutral', 'tag_id': 122921384, 'confidence': 0.597}]",
132, floraegill hangout on google gives the option to mute and who is already in the call prior to joining ,,False,"[{'tag_name': 'Neutral', 'tag_id': 122921384, 'confidence': 0.545}]",
133,exactly this google hangout overkill ,,False,"[{'tag_name': 'Negative', 'tag_id': 122921385, 'confidence': 0.45}]",
134, missgfreeland gwc_news which brings everyone into chat and the teacher controls starting and pausing it whole ,,False,"[{'tag_name': 'Negative', 'tag_id': 122921385, 'confidence': 0.801}]",
135,,,True,,"Invalid text, empty strings are not allowed"
136,hey am homealone for the next few hours anyone wanna do lil google hangout with me ,,False,"[{'tag_name': 'Neutral', 'tag_id': 122921384, 'confidence': 0.692}]",
137,pa open session for all interior designers engineers and creative people to join an expert view on all abo ,,False,"[{'tag_name': 'Positive', 'tag_id': 122921383, 'confidence': 0.645}]",
138,,,True,,"Invalid text, empty strings are not allowed"
139,ayo yoongi do google hangout or zoom meeting with us we can all watch movie together and talk about it ,,False,"[{'tag_name': 'Neutral', 'tag_id': 122921384, 'confidence': 0.683}]",
140, found it hard to understand google hangout meet and duo differences hope google integrate them sooner as ,,False,"[{'tag_name': 'Positive', 'tag_id': 122921383, 'confidence': 0.494}]",
141,open session for all fashion do not miss the opportunity to interact with sourav mondal fashion designer topic ,,False,"[{'tag_name': 'Neutral', 'tag_id': 122921384, 'confidence': 0.51}]",
142,tomorrow google hangout th grade math classes are back to the future themed realmikefox let us know if back to ,,False,"[{'tag_name': 'Neutral', 'tag_id': 122921384, 'confidence': 0.836}]",
143,arcuri steadfastly declined to confirm or deny romantic relationship with johnson telling bloomberg news last oc ,,False,"[{'tag_name': 'Negative', 'tag_id': 122921385, 'confidence': 0.951}]",
144,because it doesn require an account to participate in call imagine trying to teach grandma how to create and ,,False,"[{'tag_name': 'Neutral', 'tag_id': 122921384, 'confidence': 0.712}]",
145,school is too cheap to invest in zoom account so we do be having google hangout grad instead,,False,"[{'tag_name': 'Positive', 'tag_id': 122921383, 'confidence': 0.496}]",
146, lifeatthenest love this m so proud of my year and the way they are in our google hangout lessons at ,,False,"[{'tag_name': 'Positive', 'tag_id': 122921383, 'confidence': 0.67}]",
147,our next virtual book group meeting will take place on tuesday june at to we will be discussing th ,,False,"[{'tag_name': 'Neutral', 'tag_id': 122921384, 'confidence': 0.576}]",
148, mikrobots bokyuto oh ahaha das right we did hangout google hangout ,,False,"[{'tag_name': 'Neutral', 'tag_id': 122921384, 'confidence': 0.717}]",
149,dmms counselors are getting creative and hosting amp sessions via google hangout for the incoming th graders ,,False,"[{'tag_name': 'Neutral', 'tag_id': 122921384, 'confidence': 0.769}]",
150, olson ollie on google hangout for story time with his teachers and friends thanks for sharing learns ,,False,"[{'tag_name': 'Positive', 'tag_id': 122921383, 'confidence': 0.981}]",
151, bahasinrl hangout telegram skype google meet,,False,"[{'tag_name': 'Neutral', 'tag_id': 122921384, 'confidence': 0.93}]",
152, daniireadd me to ant_olsson and ryan_pulford shall we sort the questions for the marking_man interview tomorrow lads at pm ,,False,"[{'tag_name': 'Neutral', 'tag_id': 122921384, 'confidence': 0.881}]",
153,me to ant_olsson and ryan_pulford shall we sort the questions for the marking_man interview tomorrow lads ,,False,"[{'tag_name': 'Neutral', 'tag_id': 122921384, 'confidence': 0.883}]",
154, psrivatsan ahhh but haven had good experience with google hangout meet yet ,,False,"[{'tag_name': 'Neutral', 'tag_id': 122921384, 'confidence': 0.622}]",
155,this cat looks like me in every client google hangout meeting where forget to switch my camera off ,,False,"[{'tag_name': 'Negative', 'tag_id': 122921385, 'confidence': 0.863}]",
156, robinamoscw esg fund inflows appear to have first started spiking after the bbc blue planet was first aired in october acco ,,False,"[{'tag_name': 'Negative', 'tag_id': 122921385, 'confidence': 0.866}]",
157, arirang_asc apply to hangout with fent_fanatics next week fanatics_asc arirang_asc hangout ,,False,"[{'tag_name': 'Neutral', 'tag_id': 122921384, 'confidence': 0.84}]",
158, also available on google hangout meet facetime for family houseparty for friends webex and microsoft teams for my governor meetings,,False,"[{'tag_name': 'Neutral', 'tag_id': 122921384, 'confidence': 0.505}]",
159,google hangout has very appropriate background for the upcoming times ,,False,"[{'tag_name': 'Positive', 'tag_id': 122921383, 'confidence': 0.766}]",
160, calvin_orion go back to your google hangout titties nerd,,False,"[{'tag_name': 'Positive', 'tag_id': 122921383, 'confidence': 0.42}]",
161, keipertc adamboxer the google equivalent of teams hangout chat should work fine too good luck ,,False,"[{'tag_name': 'Negative', 'tag_id': 122921385, 'confidence': 0.832}]",
162,hmmmm can live stream zoom or google hangout calls need to test ,,False,"[{'tag_name': 'Neutral', 'tag_id': 122921384, 'confidence': 0.883}]",
163, emberskymedia williamoptics is there discord or google hangout for this hobby bit of comradery would be nice ,,False,"[{'tag_name': 'Neutral', 'tag_id': 122921384, 'confidence': 0.727}]",
164, tommohasmylove lyssa if you ever want to talk m here text me call me tweet me indirect me google hangout wi ,,False,"[{'tag_name': 'Positive', 'tag_id': 122921383, 'confidence': 0.664}]",
165,today while on google hangout with my powerschool kids they couldn guess the hangman word was hannah montana ,,False,"[{'tag_name': 'Neutral', 'tag_id': 122921384, 'confidence': 0.805}]",
166, eveewing one class did it on google hangout and the other on blackboard collaborate which isn video just the pr ,,False,"[{'tag_name': 'Negative', 'tag_id': 122921385, 'confidence': 0.657}]",
167, dxnkful my phone was in my pocket and accidentally made google hangout meeting scheduled with like four of my teachers hate it here,,False,"[{'tag_name': 'Negative', 'tag_id': 122921385, 'confidence': 0.908}]",
168, reubenkihiu the dev hangout giveaway is here free google playstore accounts premium courses and cash prizes up for grabs fill th ,,False,"[{'tag_name': 'Positive', 'tag_id': 122921383, 'confidence': 0.973}]",
169,with skype guitar lessons the students are able to connect online with eddie through skype or google hangout high ,,False,"[{'tag_name': 'Negative', 'tag_id': 122921385, 'confidence': 0.783}]",
170, thereal_mbrooks had folks drop off bottle at my apt building then fri make the kits pouring oz tastes in ,,False,"[{'tag_name': 'Negative', 'tag_id': 122921385, 'confidence': 0.796}]",
171, just want one day where wake up with no google hangout notifications we re supposed to be done already just want peace,,False,"[{'tag_name': 'Negative', 'tag_id': 122921385, 'confidence': 0.942}]",
172,after having zoom game night with friends last night and google hangout catch up with my sisters tonight am ,,False,"[{'tag_name': 'Negative', 'tag_id': 122921385, 'confidence': 0.492}]",
173,having google hangout with two students they are trying to connect with each other on kids messenger one mom an ,,False,"[{'tag_name': 'Negative', 'tag_id': 122921385, 'confidence': 0.785}]",
174, emresidents join us on est for our covid impact osteopathic amp int medicalstudents dr scott plasner of jeffemres ,,False,"[{'tag_name': 'Neutral', 'tag_id': 122921384, 'confidence': 0.844}]",
175, bengodar if soom wants me to pay more ll jump to webex when use up my time before the paywall comes up ll  ,,False,"[{'tag_name': 'Negative', 'tag_id': 122921385, 'confidence': 0.872}]",
176, jesskimwrites teach and am usually exhausted from presenting all day we just did google hangout with guest ,,False,"[{'tag_name': 'Positive', 'tag_id': 122921383, 'confidence': 0.903}]",
177, ernestuna_ ima throw virtual party for twitter zoom call or google hangout alcoholic party where any stranger with the link can ,,False,"[{'tag_name': 'Neutral', 'tag_id': 122921384, 'confidence': 0.588}]",
178,playing ladder and comming in google hangout call with ryann  ,,False,"[{'tag_name': 'Neutral', 'tag_id': 122921384, 'confidence': 0.874}]",
179,ollie on google hangout for story time with his teachers and friends thanks for sharing learns ,,False,"[{'tag_name': 'Positive', 'tag_id': 122921383, 'confidence': 0.973}]",
180, every day at we have our google hangout the kids need that time if haven sent the link by they ,,False,"[{'tag_name': 'Positive', 'tag_id': 122921383, 'confidence': 0.589}]",
181, teacherwaukegan sanfordharmony such times we are living it has been incredible to stay in touch with our beloved students on googl ,,False,"[{'tag_name': 'Positive', 'tag_id': 122921383, 'confidence': 0.999}]",
182, carrieunderwood someone was on google hangout wast it you or someone scammer women,,False,"[{'tag_name': 'Negative', 'tag_id': 122921385, 'confidence': 0.946}]",
183, notcodysullivan let just plan google hangout or sumthin with every and spend the entire time taking turns com ,,False,"[{'tag_name': 'Negative', 'tag_id': 122921385, 'confidence': 0.923}]",
184,not ready for my google hangout with my little ones tomorrow to say goodbye ,,False,"[{'tag_name': 'Negative', 'tag_id': 122921385, 'confidence': 0.924}]",
185, karagrozispe june th come amp hangout with myself and physicallitera as we present on flipgrid amp google slides also check out ot ,,False,"[{'tag_name': 'Positive', 'tag_id': 122921383, 'confidence': 0.782}]",
186, nonblnary let use aim or msn messenger or yahoo messenger or skype or google hangout all the chats that are tot ,,False,"[{'tag_name': 'Positive', 'tag_id': 122921383, 'confidence': 0.618}]",
187, lorinems does your library have any online groups we ve started google hangout for writers who lunch together  ,,False,"[{'tag_name': 'Neutral', 'tag_id': 122921384, 'confidence': 0.785}]",
188,which one bachelor of stay home gt gt gt am not bachelor of webinar major zoom google hangout skype ,,False,"[{'tag_name': 'Neutral', 'tag_id': 122921384, 'confidence': 0.617}]",
189, mrszietlow th grade join us tonight at for greasers vs socs google hangout wear your greaser or soc best check schoology for ,,False,"[{'tag_name': 'Neutral', 'tag_id': 122921384, 'confidence': 0.503}]",
190, weaver thgrade werweaver laura love it can we chat or google hangout m loving these too ,,False,"[{'tag_name': 'Positive', 'tag_id': 122921383, 'confidence': 0.922}]",
191,was deleting apps on my computer and realized that had skype felt like the evil stepmom who liked zoom google ,,False,"[{'tag_name': 'Negative', 'tag_id': 122921385, 'confidence': 0.631}]",
192, peaches_reese elllls samheughan never never use whatsoap google hangout etc those are huge red flags ,,False,"[{'tag_name': 'Negative', 'tag_id': 122921385, 'confidence': 0.965}]",
193,we are excited to share the beginning of our da pd tomorrow for our national google hangout great session fo  ,,False,"[{'tag_name': 'Positive', 'tag_id': 122921383, 'confidence': 0.945}]",
194, msrodgers having blast with bobmsports on our google hangout today ,,False,"[{'tag_name': 'Negative', 'tag_id': 122921385, 'confidence': 0.448}]",
195, fhvikings if you have questions or need help we will have google hangout on may th am to answer questions and help those that ,,False,"[{'tag_name': 'Neutral', 'tag_id': 122921384, 'confidence': 0.672}]",
196, missjovoorhees had my th google hangout with students last week ve missed my students dearly but am grateful to be able ,,False,"[{'tag_name': 'Positive', 'tag_id': 122921383, 'confidence': 0.987}]",
197,baby yoda is using the force to make my friend remember our google hangout date,,False,"[{'tag_name': 'Negative', 'tag_id': 122921385, 'confidence': 0.49}]",
198,join us tomorrow for tech bits it will begin at pm via zoom we will be learning about google hangout extensions ,,False,"[{'tag_name': 'Neutral', 'tag_id': 122921384, 'confidence': 0.77}]",
199, will continue to use facetime via google hangout inspiresel,,False,"[{'tag_name': 'Positive', 'tag_id': 122921383, 'confidence': 0.934}]",
200,so like google hangout or what app neat ,,False,"[{'tag_name': 'Positive', 'tag_id': 122921383, 'confidence': 0.55}]",
201,what is google hangout,,False,"[{'tag_name': 'Neutral', 'tag_id': 122921384, 'confidence': 0.876}]",
202,scared to present my presentation over google hangout lol don even know what to say,,False,"[{'tag_name': 'Negative', 'tag_id': 122921385, 'confidence': 0.545}]",
203, shirestoneacad fantastic google hangout this afternoon with our friends tivertona sharing good practice from our google classrooms ,,False,"[{'tag_name': 'Positive', 'tag_id': 122921383, 'confidence': 0.873}]",
204, missjovoorhees had my th google hangout with students last week ve missed my students dearly but am grateful to be able ,,False,"[{'tag_name': 'Positive', 'tag_id': 122921383, 'confidence': 0.987}]",
205, karagrozispe june th come amp hangout with myself and physicallitera as we present on flipgrid amp google slides also check out ot ,,False,"[{'tag_name': 'Positive', 'tag_id': 122921383, 'confidence': 0.782}]",
206, helizisme teachertwitter what is your teaching win for today mine was that half of my students came to our google meet to hangout ,,False,"[{'tag_name': 'Neutral', 'tag_id': 122921384, 'confidence': 0.846}]",
207, mrszietlow th grade join us tonight at for greasers vs socs google hangout wear your greaser or soc best check schoology for ,,False,"[{'tag_name': 'Neutral', 'tag_id': 122921384, 'confidence': 0.503}]",
208,the zoom google hangout drawing sessions has been keeping me productive inspired motivated and connected m fin ,,False,"[{'tag_name': 'Negative', 'tag_id': 122921385, 'confidence': 0.617}]",
209, had my th google hangout with students last week ve missed my students dearly but am grateful to be ,,False,"[{'tag_name': 'Positive', 'tag_id': 122921383, 'confidence': 0.975}]",
210, danprclark stuckthabo rob puts them on when we use google hangout ,,False,"[{'tag_name': 'Neutral', 'tag_id': 122921384, 'confidence': 0.832}]",
211,playing text twist with everyone letter avis in the google hangout,,False,"[{'tag_name': 'Negative', 'tag_id': 122921385, 'confidence': 0.644}]",
212,sign up today waterwell the conversation project digital hangout in which military civilian amp essential ,,False,"[{'tag_name': 'Negative', 'tag_id': 122921385, 'confidence': 0.519}]",
213, ap world students joined google hangout today their first day of summer for over hours to do some final pr ,,False,"[{'tag_name': 'Negative', 'tag_id': 122921385, 'confidence': 0.575}]",
214,well changed the format of my google meets to be office hours and weirdly ve got more kids coming they  ,,False,"[{'tag_name': 'Neutral', 'tag_id': 122921384, 'confidence': 0.502}]",
215,june th come amp hangout with myself and physicallitera as we present on flipgrid amp google slides also check ,,False,"[{'tag_name': 'Positive', 'tag_id': 122921383, 'confidence': 0.578}]",
216, dragoncobolt this writer meeting showed the entire group my favorite pictures from flying circus using the google hangout function ,,False,"[{'tag_name': 'Positive', 'tag_id': 122921383, 'confidence': 0.622}]",
217,this writer meeting showed the entire group my favorite pictures from flying circus using the google hangout fu ,,False,"[{'tag_name': 'Positive', 'tag_id': 122921383, 'confidence': 0.98}]",
218, th grade join us tonight at for greasers vs socs google hangout wear your greaser or soc best check school ,,False,"[{'tag_name': 'Positive', 'tag_id': 122921383, 'confidence': 0.793}]",
219, binhcao oh yeah can even run google hangout meeting anymore it fucking stupid,,False,"[{'tag_name': 'Negative', 'tag_id': 122921385, 'confidence': 0.955}]",
220, helizisme teachertwitter what is your teaching win for today mine was that half of my students came to our google meet to hangout ,,False,"[{'tag_name': 'Neutral', 'tag_id': 122921384, 'confidence': 0.846}]",
221, teachertwitter what is your teaching win for today mine was that half of my students came to our google meet ,,False,"[{'tag_name': 'Neutral', 'tag_id': 122921384, 'confidence': 0.86}]",
222,joshmalina there are several free options them being skype google hangout and zoom you can also use microsoft ,,False,"[{'tag_name': 'Positive', 'tag_id': 122921383, 'confidence': 0.996}]",
223, ciutzsiutz yaaaayy let google hangout play minecraft ok don say no have wanted to play minecraft u for like weeks now,,False,"[{'tag_name': 'Negative', 'tag_id': 122921385, 'confidence': 0.901}]",
224,hello how are you doing and how is the family doing over there haven heard from you again on google hangout an ,,False,"[{'tag_name': 'Neutral', 'tag_id': 122921384, 'confidence': 0.682}]",
225,so like my call will be on google hangout they have confirmed that the method of call changed from skype to ,,False,"[{'tag_name': 'Positive', 'tag_id': 122921383, 'confidence': 0.383}]",
226, bffiino we re on google hangout bae come join,,False,"[{'tag_name': 'Positive', 'tag_id': 122921383, 'confidence': 0.759}]",
227,an os like cp but for stand alone google hangout cyberwars,,False,"[{'tag_name': 'Positive', 'tag_id': 122921383, 'confidence': 0.794}]",
228,okay but just wanna come on here and rant on how poorly teachers are treated saw tiktok about women saying ,,False,"[{'tag_name': 'Negative', 'tag_id': 122921385, 'confidence': 0.886}]",
229,these zoom google hangout games are glorified fast games tea they nothing special ,,False,"[{'tag_name': 'Negative', 'tag_id': 122921385, 'confidence': 0.974}]",
230,google hangout new features how to use google hangouts free video conferencing for beginners ,,False,"[{'tag_name': 'Neutral', 'tag_id': 122921384, 'confidence': 0.853}]",
231, himeidol nyahoy hh here with super exciting announcement for everynyan am happy to say that have officiall ,,False,"[{'tag_name': 'Positive', 'tag_id': 122921383, 'confidence': 0.981}]",
232,nyahoy hh here with super exciting announcement for everynyan am happy to say that have ,,False,"[{'tag_name': 'Positive', 'tag_id': 122921383, 'confidence': 0.975}]",
233,my dumbass really thought that making google classroom to hangout with my friends was good idea after the last ,,False,"[{'tag_name': 'Negative', 'tag_id': 122921385, 'confidence': 0.86}]",
234, pkkaos glassbottommeg there is literally this slick integration between slack and google hangouts where you can ju ,,False,"[{'tag_name': 'Negative', 'tag_id': 122921385, 'confidence': 0.963}]",
235, just combined two of my favorite things orclapex and boardgames put the directory from sherlock holmes cons ,,False,"[{'tag_name': 'Neutral', 'tag_id': 122921384, 'confidence': 0.691}]",
236,yup another ama hangout about crypto trading and hyp because why not ,,False,"[{'tag_name': 'Neutral', 'tag_id': 122921384, 'confidence': 0.617}]",
237, phette it was fantastic very irish literature but like that the inner life of the characters in the romance ,,False,"[{'tag_name': 'Positive', 'tag_id': 122921383, 'confidence': 0.986}]",
238, arisstrings you might already know lmao but she did live google hangout with us all before back in and abou ,,False,"[{'tag_name': 'Neutral', 'tag_id': 122921384, 'confidence': 0.652}]",
239, tiedblog alright language youtubers am looking to start an interview series of videos and also publish it as an audio podcast what ,,False,"[{'tag_name': 'Neutral', 'tag_id': 122921384, 'confidence': 0.667}]",
240,google hangout with preschoolers ,,False,"[{'tag_name': 'Neutral', 'tag_id': 122921384, 'confidence': 0.869}]",
241, ules_oratory monday th of may pm gmt google meet hangout for more inquiries contact hamed or ,,False,"[{'tag_name': 'Neutral', 'tag_id': 122921384, 'confidence': 0.749}]",
242, how to record google hangout video calls ,,False,"[{'tag_name': 'Neutral', 'tag_id': 122921384, 'confidence': 0.709}]",
243, monday th of may pm gmt google meet hangout for more inquiries contact hamed ,,False,"[{'tag_name': 'Neutral', 'tag_id': 122921384, 'confidence': 0.832}]",
244, jefito jasonhare analogwalrus thescreendoor michaelparr sniff can someone be added to google hangout asking for friend ,,False,"[{'tag_name': 'Neutral', 'tag_id': 122921384, 'confidence': 0.838}]",
245, rshields nytimesvows bumble providencecol unc in one year how they met on zoom on google hangout fro ,,False,"[{'tag_name': 'Neutral', 'tag_id': 122921384, 'confidence': 0.735}]",
246,alright language youtubers am looking to start an interview series of videos and also publish it as an audio pod ,,False,"[{'tag_name': 'Negative', 'tag_id': 122921385, 'confidence': 0.843}]",
247, d_twit apple bradleychambers am not an apple hardware user which makes it impossible to be an apple software us ,,False,"[{'tag_name': 'Negative', 'tag_id': 122921385, 'confidence': 0.71}]",
248, dlfinkle oh so miss the conversations and thought and laughter you can duplicate that in google hangout ,,False,"[{'tag_name': 'Negative', 'tag_id': 122921385, 'confidence': 0.386}]",
249, ojo_poems probably zoom or google hangout,,False,"[{'tag_name': 'Neutral', 'tag_id': 122921384, 'confidence': 0.665}]",
250, wonder if politicians know about zoom skype face time google meet hangout if so why aren they using it more ,,False,"[{'tag_name': 'Neutral', 'tag_id': 122921384, 'confidence': 0.883}]",
251, jeopardyjohnny do you have google hangout so we can talk more better on hangout,,False,"[{'tag_name': 'Negative', 'tag_id': 122921385, 'confidence': 0.492}]",
252,this memorialday weekend things may feel slightly off why not try your hand at virtual bbq set up google ha ,,False,"[{'tag_name': 'Neutral', 'tag_id': 122921384, 'confidence': 0.7}]",
253, valrockspop ginzarhapsody readytocoffee abenojanus fraudulentdonut only tagging one of you in person hous ,,False,"[{'tag_name': 'Negative', 'tag_id': 122921385, 'confidence': 0.87}]",
254, mattgarrahan imagine having the first question at the biggest press conference of many years and being unable to unmute your google ha ,,False,"[{'tag_name': 'Neutral', 'tag_id': 122921384, 'confidence': 0.536}]",
255, in the face of google hangout everything becomes little atavistic don delillo ,,False,"[{'tag_name': 'Negative', 'tag_id': 122921385, 'confidence': 0.5}]",
256,imagine having the first question at the biggest press conference of many years and being unable to unmute your google hangout,,False,"[{'tag_name': 'Negative', 'tag_id': 122921385, 'confidence': 0.795}]",
257, professorbroad aly_meek that so cool my school did one act play final performance via google hangout of co ,,False,"[{'tag_name': 'Positive', 'tag_id': 122921383, 'confidence': 0.489}]",
258,southwest louisiana has long had reputation for being popular hangout spot for outlaws pirates buccaneers bo ,,False,"[{'tag_name': 'Positive', 'tag_id': 122921383, 'confidence': 0.845}]",
259, rachelgetsindy virtual walk with my friends every saturday morning of us on google hangout each walking ,,False,"[{'tag_name': 'Neutral', 'tag_id': 122921384, 'confidence': 0.584}]",
260, liamhammett devingray laraconeu maybe ll tweet out google hangout url yeah ,,False,"[{'tag_name': 'Neutral', 'tag_id': 122921384, 'confidence': 0.456}]",
261, miss google hangout days where we get together draw and chill yo ,,False,"[{'tag_name': 'Negative', 'tag_id': 122921385, 'confidence': 0.498}]",
262, liamhammett laraconeu freekmurze would love too tried to organize an office space here in vietnam and sell ti ,,False,"[{'tag_name': 'Positive', 'tag_id': 122921383, 'confidence': 0.744}]",
263, devingray__ laraconeu at laracon online earlier this year freekmurze and few others hosted google hangout ,,False,"[{'tag_name': 'Neutral', 'tag_id': 122921384, 'confidence': 0.654}]",
264, derrickca glad to see you have more than just two or three followers and will not ask me to hangout on google ,,False,"[{'tag_name': 'Neutral', 'tag_id': 122921384, 'confidence': 0.872}]",
265, derrickca am convinced they are getting kickbacks from google hangout ,,False,"[{'tag_name': 'Negative', 'tag_id': 122921385, 'confidence': 0.555}]",
266, artgerm google hangout with friends and sketching while doing my social distancing think will end up with quite stack of sketch ,,False,"[{'tag_name': 'Positive', 'tag_id': 122921383, 'confidence': 0.724}]",
267, emresidents join us on est for our covid impact osteopathic amp int medicalstudents dr scott plasner of jeffemres ,,False,"[{'tag_name': 'Neutral', 'tag_id': 122921384, 'confidence': 0.844}]",
268, tweetingferrari sars catch one boy for here just now him apps na hangout textnow google voice pia kik abeg make una pray for thi ,,False,"[{'tag_name': 'Negative', 'tag_id': 122921385, 'confidence': 0.811}]",
269,sars catch one boy for here just now him apps na hangout textnow google voice pia kik abeg make una pray for this boy ,,False,"[{'tag_name': 'Negative', 'tag_id': 122921385, 'confidence': 0.938}]",
270, exposing bl queensdiscussi dojobat the chat isnt racist at all yall really believe anything it was edgy in ,,False,"[{'tag_name': 'Negative', 'tag_id': 122921385, 'confidence': 0.976}]",
271,hosting hangout session first time for members only but for twitter peeps exclusive invite ,,False,"[{'tag_name': 'Positive', 'tag_id': 122921383, 'confidence': 0.63}]",
272, dieseldugong real gangstas use google hangout,,False,"[{'tag_name': 'Neutral', 'tag_id': 122921384, 'confidence': 0.837}]",
273,tomorrow with bek as part of tomorrow instagram live amp google hangout we re joined by pauldeeprose of the ,,False,"[{'tag_name': 'Neutral', 'tag_id': 122921384, 'confidence': 0.585}]",
274, ynjtb didn know google had an hangout system e_e,,False,"[{'tag_name': 'Neutral', 'tag_id': 122921384, 'confidence': 0.511}]",
275, should get up and work on art if any friends who wants to do google hangout and dwaw,,False,"[{'tag_name': 'Neutral', 'tag_id': 122921384, 'confidence': 0.698}]",
276, fionnacreates would you like to participate in civ saturday if you ve got two saturdays in row free use this handy form to sign up ,,False,"[{'tag_name': 'Positive', 'tag_id': 122921383, 'confidence': 0.831}]",
277,would you like to participate in civ saturday if you ve got two saturdays in row free use this handy form to si ,,False,"[{'tag_name': 'Negative', 'tag_id': 122921385, 'confidence': 0.465}]",
278, waseemwahood eidmubarak although we can celebrate it like we usually do hope we still feel the spirit at least now you ll ,,False,"[{'tag_name': 'Negative', 'tag_id': 122921385, 'confidence': 0.638}]",
279, eidmubarak although we can celebrate it like we usually do hope we still feel the spirit at least now yo ,,False,"[{'tag_name': 'Positive', 'tag_id': 122921383, 'confidence': 0.91}]",
280, anhtriettran google hangout is the green text bubbles of videoconferencing,,False,"[{'tag_name': 'Neutral', 'tag_id': 122921384, 'confidence': 0.79}]",
281,the fucking fact that people voted on this is basically the summation of our night on google hangout ,,False,"[{'tag_name': 'Negative', 'tag_id': 122921385, 'confidence': 0.813}]",
282,,,True,,"Invalid text, empty strings are not allowed"
283,the seconds between talk to you later and trying to exit the google hangout ,,False,"[{'tag_name': 'Negative', 'tag_id': 122921385, 'confidence': 0.562}]",
284,in google hangout watching the underworld movies with the boys taptherockies,,False,"[{'tag_name': 'Neutral', 'tag_id': 122921384, 'confidence': 0.873}]",
285, ways to connect create and collaborate using google hangouts copyblogger ,,False,"[{'tag_name': 'Neutral', 'tag_id': 122921384, 'confidence': 0.769}]",
286, emmdee flotus chat me on my google gmail hangout for discussion love you georginafrancis gmail com add me up,,False,"[{'tag_name': 'Positive', 'tag_id': 122921383, 'confidence': 0.572}]",
287,tearful google hangout on raya morning ,,False,"[{'tag_name': 'Positive', 'tag_id': 122921383, 'confidence': 0.748}]",
288, askboomer flotus add me up on my google gmail hangout for discussion love you georginafrancis gmail com add me up ,,False,"[{'tag_name': 'Positive', 'tag_id': 122921383, 'confidence': 0.568}]",
289,me on google hangout at pm ,,False,"[{'tag_name': 'Neutral', 'tag_id': 122921384, 'confidence': 0.89}]",
290, cslpodcast david_albiani m sorry but refuse to participate in google hangout with cushmanmlb unless he adh ,,False,"[{'tag_name': 'Neutral', 'tag_id': 122921384, 'confidence': 0.484}]",
291, sutton_impactu kenshropshire for sure then came other business savvy resources then facetime google hangout ,,False,"[{'tag_name': 'Neutral', 'tag_id': 122921384, 'confidence': 0.657}]",
292, comcastbusiness oh and to add speed can upload jpeg file reliability can even get through go ,,False,"[{'tag_name': 'Positive', 'tag_id': 122921383, 'confidence': 0.806}]",
293, parkdale_school jr high hangout with mrs stengel all grades and students are welcome for an evening of ,,False,"[{'tag_name': 'Positive', 'tag_id': 122921383, 'confidence': 0.984}]",
294, imindminesb esqsound typical pisces response lol ve been playing over google hangout with an app been hard reading body language,,False,"[{'tag_name': 'Negative', 'tag_id': 122921385, 'confidence': 0.771}]",
295,anyone interested in zoom google hangout for aew tonight can start meeting if so ,,False,"[{'tag_name': 'Neutral', 'tag_id': 122921384, 'confidence': 0.732}]",
296,had google hangout birthday party for my daughter today forgot to take picture of my setup connected my ,,False,"[{'tag_name': 'Negative', 'tag_id': 122921385, 'confidence': 0.675}]",
297, swiftonsecurity have ps eye got it to work with zoom but not with google hangout or other apps ,,False,"[{'tag_name': 'Neutral', 'tag_id': 122921384, 'confidence': 0.803}]",
298,it was over when mac demarco had google hangout to promote record release day,,False,"[{'tag_name': 'Negative', 'tag_id': 122921385, 'confidence': 0.477}]",
299, theliturgists connection to others weekly google hangout with my book club girls facetime with family and friend ,,False,"[{'tag_name': 'Positive', 'tag_id': 122921383, 'confidence': 0.785}]",
300, inkyelbows kevinarts mblakewriter garthstein and jburtbooks joined my class using google hangout meets thi ,,False,"[{'tag_name': 'Positive', 'tag_id': 122921383, 'confidence': 0.878}]",
301, remembering our heroes may look different this year due to the pandemic bbq in the backyard might be goo ,,False,"[{'tag_name': 'Positive', 'tag_id': 122921383, 'confidence': 0.965}]",
302, sstegemeyer have good partner but spent weeks pulling hours of work while also ensuring that all kid ,,False,"[{'tag_name': 'Negative', 'tag_id': 122921385, 'confidence': 0.889}]",
303,prayer for an hour google hangout ,,False,"[{'tag_name': 'Neutral', 'tag_id': 122921384, 'confidence': 0.775}]",
304, msaad_in sofialioness_ yasartntj alikeskin_tr asadowaisi aimim_national narendramodi rssorg zoom app try ,,False,"[{'tag_name': 'Neutral', 'tag_id': 122921384, 'confidence': 0.655}]",
305, justnasty real think need yalls email addresses or numbers to send codes we can likely just do it over dm her ,,False,"[{'tag_name': 'Neutral', 'tag_id': 122921384, 'confidence': 0.793}]",
306, bnacker love google meet much more secure than zoom and they have the gallery view option google hangout didn ,,False,"[{'tag_name': 'Positive', 'tag_id': 122921383, 'confidence': 0.582}]",
307, nytopinion feel so bad for forgetting about or google hangout this morning but got sucked into this makeup ,,False,"[{'tag_name': 'Negative', 'tag_id': 122921385, 'confidence': 0.78}]",
308, princess_menla caveofbeauty omg we love glow ve got mine on monday and m so excited just have questi ,,False,"[{'tag_name': 'Positive', 'tag_id': 122921383, 'confidence': 0.991}]",
309,teacher did google hangout with small group of students to assist with missed assignments ,,False,"[{'tag_name': 'Neutral', 'tag_id': 122921384, 'confidence': 0.514}]",
310,when you re all alone even on the google hangout ,,False,"[{'tag_name': 'Negative', 'tag_id': 122921385, 'confidence': 0.498}]",
311,may club cubase google hangout via youtube,,False,"[{'tag_name': 'Neutral', 'tag_id': 122921384, 'confidence': 0.934}]",
312, gtm but unlike google hangout zoom requires installable on desktop this can pose friction or even become s ,,False,"[{'tag_name': 'Negative', 'tag_id': 122921385, 'confidence': 0.81}]",
313, nennychilling ah see devainart can be bad if you hangout with the wrong people mostly use it to post my art ,,False,"[{'tag_name': 'Negative', 'tag_id': 122921385, 'confidence': 0.766}]",
314,anyone else stay on after everyone leaves google hangout and just practice smiling and realize that you don know how to smile,,False,"[{'tag_name': 'Negative', 'tag_id': 122921385, 'confidence': 0.939}]",
315, jonesywastaken orangecrushart do google hangout or zoom meet and invite friends who are watching as well ve ,,False,"[{'tag_name': 'Neutral', 'tag_id': 122921384, 'confidence': 0.766}]",
316, touficsbeiti rubysdo juliannarowsell plansmash do you have plans for lunch break would you like hangout on zoom or google meet ,,False,"[{'tag_name': 'Neutral', 'tag_id': 122921384, 'confidence': 0.858}]",
317, emoblairwaldorf rivalmob pentimenthoe teenrxcket_ glen_solo avocutie kaslikestgii luciextoo sapphicslut ,,False,"[{'tag_name': 'Neutral', 'tag_id': 122921384, 'confidence': 0.533}]",
318,eve of eid going well our family skype google hangout zoom session yes idk why we kept switching through apps lmaoo,,False,"[{'tag_name': 'Positive', 'tag_id': 122921383, 'confidence': 0.6}]",
319,at least of my sketchbook is drawings of my friends in boxes from when we re on google hangout,,False,"[{'tag_name': 'Neutral', 'tag_id': 122921384, 'confidence': 0.63}]",
320,no google no can tollerate you shooting down googlecloudprint or hangout but after googlereader and ,,False,"[{'tag_name': 'Negative', 'tag_id': 122921385, 'confidence': 0.854}]",
321, so am kicking off an informal and irregular live explainer series office hours with carbon mike ll spin ,,False,"[{'tag_name': 'Neutral', 'tag_id': 122921384, 'confidence': 0.858}]",
322, therynheart and they will all meet their maker this is about their collection plates and not god god hears us ,,False,"[{'tag_name': 'Positive', 'tag_id': 122921383, 'confidence': 0.703}]",
323,thank you curtis_phs for hosting an th grade nd grade google hangout playing kahoots even though your question ,,False,"[{'tag_name': 'Positive', 'tag_id': 122921383, 'confidence': 0.89}]",
324,conducted google hangout farmer meeting shared paddy crop best package of practice google_hangout_farmer_meeting ,,False,"[{'tag_name': 'Negative', 'tag_id': 122921385, 'confidence': 0.528}]",
325, ravithinkz rahulroushan leading intellectuals are on twitter eminent intellectuals are on google hangout,,False,"[{'tag_name': 'Neutral', 'tag_id': 122921384, 'confidence': 0.724}]",
326, m_fadl hi mohamed would be glad if you join us at pm hangout link ,,False,"[{'tag_name': 'Neutral', 'tag_id': 122921384, 'confidence': 0.534}]",
327, aplaceinspringd google hangout is better because longer hahahahaha ,,False,"[{'tag_name': 'Negative', 'tag_id': 122921385, 'confidence': 0.773}]",
328, slaymonr oh nah m showing my shoot google docs hangout slides you name it google,,False,"[{'tag_name': 'Neutral', 'tag_id': 122921384, 'confidence': 0.873}]",
329, bawobotu no vex didn know it was same with google hangout,,False,"[{'tag_name': 'Neutral', 'tag_id': 122921384, 'confidence': 0.813}]",
330, ravithinkz rahulroushan leading intellectuals are on twitter eminent intellectuals are on google hangout,,False,"[{'tag_name': 'Neutral', 'tag_id': 122921384, 'confidence': 0.724}]",
331, river_shadow particularly like the person google hangout with everyone waving at the end ,,False,"[{'tag_name': 'Positive', 'tag_id': 122921383, 'confidence': 0.847}]",
332,,,True,,"Invalid text, empty strings are not allowed"
333,oh no am crashing a d and it is mins to my interview and ve been on the google hangout link twice since ,,False,"[{'tag_name': 'Neutral', 'tag_id': 122921384, 'confidence': 0.595}]",
334,in google office hours hangout google john mueller answered question about why site lost rankings his an ,,False,"[{'tag_name': 'Negative', 'tag_id': 122921385, 'confidence': 0.559}]",
335, ravithinkz rahulroushan leading intellectuals are on twitter eminent intellectuals are on google hangout,,False,"[{'tag_name': 'Neutral', 'tag_id': 122921384, 'confidence': 0.724}]",
336, rahulroushan leading intellectuals are on twitter eminent intellectuals are on google hangout,,False,"[{'tag_name': 'Neutral', 'tag_id': 122921384, 'confidence': 0.7}]",
337,me and sarah icons on google hangout make us look like shark person and lava person ,,False,"[{'tag_name': 'Negative', 'tag_id': 122921385, 'confidence': 0.586}]",
338, carleybeale today google hangout visits included sensory scavenger hunt and speed race scavenger hunt said goodbye to some am ,,False,"[{'tag_name': 'Negative', 'tag_id': 122921385, 'confidence': 0.556}]",
339,when your google hangout sociables game turns into discussion about domestic oil ,,False,"[{'tag_name': 'Negative', 'tag_id': 122921385, 'confidence': 0.537}]",
340, adore google hangout quality,,False,"[{'tag_name': 'Positive', 'tag_id': 122921383, 'confidence': 0.653}]",
341, cjluckeydope had great google hangout with the th grade students from black river elementary school in northern new york love ,,False,"[{'tag_name': 'Positive', 'tag_id': 122921383, 'confidence': 0.997}]",
342,love putting alanis morissette on the jukebox my ps at the bar this google hangout while kicking it with my fr ,,False,"[{'tag_name': 'Positive', 'tag_id': 122921383, 'confidence': 0.586}]",
343,,,True,,"Invalid text, empty strings are not allowed"
344, alicekeeler is there way to reopen all the tabs you just closed in the middle of google hangout and you needed ,,False,"[{'tag_name': 'Neutral', 'tag_id': 122921384, 'confidence': 0.798}]",
345, agnesperezflor great day for google classroom hangout kennelly_school cahillsfour maryvallera scott_zullo hartford_pub ,,False,"[{'tag_name': 'Neutral', 'tag_id': 122921384, 'confidence': 0.701}]",
346,hey little monsters join haley google hangout now dm her for the link join rain on me party photopopgraphy ,,False,"[{'tag_name': 'Neutral', 'tag_id': 122921384, 'confidence': 0.409}]",
347,kenny just showed off our mexican tomato bullion on the google hangout ,,False,"[{'tag_name': 'Neutral', 'tag_id': 122921384, 'confidence': 0.75}]",
348, bswchronicles question who wants to do rewatch of insecure and do zoom or google hangout as we watch we could watch episodes ,,False,"[{'tag_name': 'Neutral', 'tag_id': 122921384, 'confidence': 0.807}]",
349, telegram dcasbol we want meeting of video call system in telegram which is available in google hangout and skype,,False,"[{'tag_name': 'Neutral', 'tag_id': 122921384, 'confidence': 0.875}]",
350, sjalbert math google hangout with smart th graders probability and review of decimals we rocked it sjalbert maryfinnimor ,,False,"[{'tag_name': 'Positive', 'tag_id': 122921383, 'confidence': 0.475}]",
351, supagirl_ thezombieronin have never met mutual irl but have spoken to the strangers on the internet via ,,False,"[{'tag_name': 'Negative', 'tag_id': 122921385, 'confidence': 0.56}]",
352,wonder google employees using zoomapp for video chat not even any beta program for empls hangout duo not use ,,False,"[{'tag_name': 'Negative', 'tag_id': 122921385, 'confidence': 0.995}]",
353,,,True,,"Invalid text, empty strings are not allowed"
354,why tf does amp think m gonna look for google hangout link when selected the phone call option like bitch call me call me call me,,False,"[{'tag_name': 'Neutral', 'tag_id': 122921384, 'confidence': 0.619}]",
355,netflix party friday may pm ready for our friday night movie tonight we re watching hook joi ,,False,"[{'tag_name': 'Positive', 'tag_id': 122921383, 'confidence': 0.789}]",
356, authorabbyknox thankies did google hangout call earlier with my parents amp my brothers each did one when they ,,False,"[{'tag_name': 'Neutral', 'tag_id': 122921384, 'confidence': 0.635}]",
357,missing seeing these little ones hope ya all have super memorial day weekend see you all tuesday in our googl ,,False,"[{'tag_name': 'Positive', 'tag_id': 122921383, 'confidence': 0.93}]",
358,love seeing my class in our google hangout meetings our book for this week was flat stanley also introduced ,,False,"[{'tag_name': 'Positive', 'tag_id': 122921383, 'confidence': 0.612}]",
359,coming next is wonder woman be prepared as we have another wave coming up into understanding the british pa ,,False,"[{'tag_name': 'Neutral', 'tag_id': 122921384, 'confidence': 0.526}]",
360,just got new phone who wanna have google hangout ,,False,"[{'tag_name': 'Neutral', 'tag_id': 122921384, 'confidence': 0.83}]",
361, katmasterson check out my teacher message on google hangout and class dojo promoting me to model live fundations lesson ,,False,"[{'tag_name': 'Neutral', 'tag_id': 122921384, 'confidence': 0.852}]",
362,that a wrap for my third year of teaching one for the books for sure lpsleads whacats my class picture had to ,,False,"[{'tag_name': 'Negative', 'tag_id': 122921385, 'confidence': 0.499}]",
363,,,True,,"Invalid text, empty strings are not allowed"
364,today was the last official day with my students we had our farewell google hangout drove by school to say good ,,False,"[{'tag_name': 'Positive', 'tag_id': 122921383, 'confidence': 0.877}]",
365, robxrich what is google hangout haha,,False,"[{'tag_name': 'Neutral', 'tag_id': 122921384, 'confidence': 0.812}]",
366, _mere_anarchy calamityjayne dude you re gonna have to feel the room here there is lot going on and right now ,,False,"[{'tag_name': 'Negative', 'tag_id': 122921385, 'confidence': 0.62}]",
367, techteacher _marymanzano srothteachlg today it mute tab so don go crazy managing google hangout meet ,,False,"[{'tag_name': 'Neutral', 'tag_id': 122921384, 'confidence': 0.605}]",
368, bswchronicles question who wants to do rewatch of insecure and do zoom or google hangout as we watch we could watch episodes ,,False,"[{'tag_name': 'Neutral', 'tag_id': 122921384, 'confidence': 0.807}]",
369,me and briannamurphy spent our anniversary on google hangout making playlist of real cringy rock music from ,,False,"[{'tag_name': 'Negative', 'tag_id': 122921385, 'confidence': 0.712}]",
370, patrickhwillems we can get deal if you won reply to my phone calls text messages emails zoom invites goo ,,False,"[{'tag_name': 'Negative', 'tag_id': 122921385, 'confidence': 0.596}]",
371, jr high hangout with mrs stengel all grades and students are welcome for an evening ,,False,"[{'tag_name': 'Neutral', 'tag_id': 122921384, 'confidence': 0.569}]",
372,just done hour google hangout with my homies playing styrophone and spoons needed that ,,False,"[{'tag_name': 'Neutral', 'tag_id': 122921384, 'confidence': 0.724}]",
373, should really check my google hangout before the message vanishes sha ,,False,"[{'tag_name': 'Negative', 'tag_id': 122921385, 'confidence': 0.804}]",
374,,,True,,"Invalid text, empty strings are not allowed"
375, edskoudis ok so it done you walk into the office and say alexa join the hangout and the old tv turns on and it joins our team ,,False,"[{'tag_name': 'Neutral', 'tag_id': 122921384, 'confidence': 0.541}]",
376,,,True,,"Invalid text, empty strings are not allowed"
377, benobledrw next week f is senior spirit week seniors can join each day with the google hangout link sent to your email reach out ,,False,"[{'tag_name': 'Positive', 'tag_id': 122921383, 'confidence': 0.85}]",
378,clever m so used to zooming love how that become the generic when it could be msteams google hangout meet ,,False,"[{'tag_name': 'Positive', 'tag_id': 122921383, 'confidence': 0.739}]",
379,ok so it done you walk into the office and say alexa join the hangout and the old tv turns on and it joins ,,False,"[{'tag_name': 'Negative', 'tag_id': 122921385, 'confidence': 0.861}]",
380, boloskeleton buzzed google hangout when,,False,"[{'tag_name': 'Neutral', 'tag_id': 122921384, 'confidence': 0.779}]",
381, yourcinemaguy well my furlough begins we should do google hangout this summer ,,False,"[{'tag_name': 'Neutral', 'tag_id': 122921384, 'confidence': 0.815}]",
382, months ago someone retiring would be given little bit of gathering with eating times at least cake and it ,,False,"[{'tag_name': 'Positive', 'tag_id': 122921383, 'confidence': 0.361}]",
383, hiperleo google hangout con el team rubenoa cuadranterp prfriday theteam ,,False,"[{'tag_name': 'Neutral', 'tag_id': 122921384, 'confidence': 0.647}]",
384, madona_syombua ll be live this friday at the young devs hangout hosted by reubenkihiu with dcoustawilson georgemandis and _ju ,,False,"[{'tag_name': 'Neutral', 'tag_id': 122921384, 'confidence': 0.76}]",
385,google hangout con el team rubenoa cuadranterp prfriday theteam ,,False,"[{'tag_name': 'Neutral', 'tag_id': 122921384, 'confidence': 0.577}]",
386,,,True,,"Invalid text, empty strings are not allowed"
387, cjluckeydope had great google hangout with the th grade students from black river elementary school in northern new york love ,,False,"[{'tag_name': 'Positive', 'tag_id': 122921383, 'confidence': 0.997}]",
388,,,True,,"Invalid text, empty strings are not allowed"
389,had great google hangout with the th grade students from black river elementary school in northern new york ,,False,"[{'tag_name': 'Positive', 'tag_id': 122921383, 'confidence': 0.685}]",
390,last day of school there backpack and he logging into his end of year party via google hangout so many ,,False,"[{'tag_name': 'Negative', 'tag_id': 122921385, 'confidence': 0.492}]",
391, reubenkihiu the dev hangout giveaway is here free google playstore accounts premium courses and cash prizes up for grabs fill th ,,False,"[{'tag_name': 'Positive', 'tag_id': 122921383, 'confidence': 0.973}]",
392, post covid infrastructure in classroom would be changing college class of if goes to in class and ,,False,"[{'tag_name': 'Neutral', 'tag_id': 122921384, 'confidence': 0.795}]",
393,just had google hangout with an th grader about civic duty and interrogating the information we re given by thos ,,False,"[{'tag_name': 'Negative', 'tag_id': 122921385, 'confidence': 0.495}]",
394, muddled_world is another reason why hufflepuff house is so great you are always available to talk amp you are tal ,,False,"[{'tag_name': 'Positive', 'tag_id': 122921383, 'confidence': 0.928}]",
395,today was the last day of the school year and man what an anticlimactic way to end on google hangout saying bye to students ,,False,"[{'tag_name': 'Negative', 'tag_id': 122921385, 'confidence': 0.852}]",
396,,,True,,"Invalid text, empty strings are not allowed"
397, i_amchrisb try explaining to year olds to mute their mics on google hangout it pandemonium the teacher was ,,False,"[{'tag_name': 'Negative', 'tag_id': 122921385, 'confidence': 0.558}]",
398,,,True,,"Invalid text, empty strings are not allowed"
399, sketchyqueersnn the next meeting of queer sketchbook club online will be tomorrow the rd of may from am until pm gmt the th ,,False,"[{'tag_name': 'Neutral', 'tag_id': 122921384, 'confidence': 0.647}]",
400,hey little monsters there going be monster pop emergency google hangout tonight photopopgraphy be having at ,,False,"[{'tag_name': 'Neutral', 'tag_id': 122921384, 'confidence': 0.501}]",
401,next week f is senior spirit week seniors can join each day with the google hangout link sent to your email ,,False,"[{'tag_name': 'Neutral', 'tag_id': 122921384, 'confidence': 0.644}]",
402, ogbenidipo don think google changed from hangout to meet the two services are different one is for casual ch ,,False,"[{'tag_name': 'Neutral', 'tag_id': 122921384, 'confidence': 0.466}]",
403, ihateterfs only interaction is that one google hangout but feel like could chuck you off roof in heartbeat,,False,"[{'tag_name': 'Negative', 'tag_id': 122921385, 'confidence': 0.943}]",
404, nanjala try google hangout meet it is more secure think never heard of hacking incidences with it ,,False,"[{'tag_name': 'Negative', 'tag_id': 122921385, 'confidence': 0.473}]",
405,just did my first google hangout with my students we read cute book and talked about how we all miss school  ,,False,"[{'tag_name': 'Positive', 'tag_id': 122921383, 'confidence': 0.774}]",
406,last day of school google hangout and gimkit  ,,False,"[{'tag_name': 'Neutral', 'tag_id': 122921384, 'confidence': 0.641}]",
407, mattstultz another week another dprinting digifab maker hangout let do this tonight at eastern sign up at the link below  ,,False,"[{'tag_name': 'Neutral', 'tag_id': 122921384, 'confidence': 0.87}]",
408,,,True,,"Invalid text, empty strings are not allowed"
409,another week another dprinting digifab maker hangout let do this tonight at eastern sign up at the lin ,,False,"[{'tag_name': 'Negative', 'tag_id': 122921385, 'confidence': 0.731}]",
410,,,True,,"Invalid text, empty strings are not allowed"
411, cscougarband live on youtube and hang out with your friends at the google meet link youtube livestream goo ,,False,"[{'tag_name': 'Positive', 'tag_id': 122921383, 'confidence': 0.949}]",
412,live on youtube and hang out with your friends at the google meet link youtube livestream ,,False,"[{'tag_name': 'Neutral', 'tag_id': 122921384, 'confidence': 0.697}]",
413, sina_jb missing peer networking at the virtual ica sign up for the poli_com graduate student virtual hangout organized by shanno ,,False,"[{'tag_name': 'Neutral', 'tag_id': 122921384, 'confidence': 0.652}]",
414,missing peer networking at the virtual ica sign up for the poli_com graduate student virtual hangout organized ,,False,"[{'tag_name': 'Neutral', 'tag_id': 122921384, 'confidence': 0.589}]",
415, hamiltongrovehc have you seen your loved one recently don forget to take advantage of our video calls facetime zoom whatsapp go  ,,False,"[{'tag_name': 'Negative', 'tag_id': 122921385, 'confidence': 0.553}]",
416, mrbotelho tomorrow google hangout th grade math classes are back to the future themed realmikefox let us know if back to th gra ,,False,"[{'tag_name': 'Neutral', 'tag_id': 122921384, 'confidence': 0.617}]",
417, sketchyqueersnn the next meeting of queer sketchbook club online will be tomorrow the rd of may from am until pm gmt the th ,,False,"[{'tag_name': 'Neutral', 'tag_id': 122921384, 'confidence': 0.647}]",
418,,,True,,"Invalid text, empty strings are not allowed"
419, vegas_ccsw suptjaraccsd lindacavazos linevon chrisagarvey trustee_wright trusteeford irenecepedanv ,,False,"[{'tag_name': 'Neutral', 'tag_id': 122921384, 'confidence': 0.627}]",
420,,,True,,"Invalid text, empty strings are not allowed"
421,check out da rd annual virtual art show featuring middle amp high school student art now to vote for viewe ,,False,"[{'tag_name': 'Neutral', 'tag_id': 122921384, 'confidence': 0.594}]",
422,wait so you re telling me am not supposed to post memes in my classes google hangout ,,False,"[{'tag_name': 'Negative', 'tag_id': 122921385, 'confidence': 0.526}]",
423, tomochocopod happy friday yuri fans tomorrow is the third saturday of the month which means it is time for our first ever patreon ,,False,"[{'tag_name': 'Neutral', 'tag_id': 122921384, 'confidence': 0.821}]",
424,happy friday yuri fans tomorrow is the third saturday of the month which means it is time for our first ever pa ,,False,"[{'tag_name': 'Neutral', 'tag_id': 122921384, 'confidence': 0.67}]",
425,hey grade today google hangout will be so much fun come ready to have bilingual scavenger hunt special ,,False,"[{'tag_name': 'Positive', 'tag_id': 122921383, 'confidence': 0.837}]",
426,math google hangout with smart th graders probability and review of decimals we rocked it sjalbert ,,False,"[{'tag_name': 'Positive', 'tag_id': 122921383, 'confidence': 0.613}]",
427, was sure this person talking to me was fake spam account but then they asked if wanted to text on google ,,False,"[{'tag_name': 'Neutral', 'tag_id': 122921384, 'confidence': 0.764}]",
428, agnesperezflor great day for google classroom hangout kennelly_school cahillsfour maryvallera scott_zullo hartford_pub ,,False,"[{'tag_name': 'Neutral', 'tag_id': 122921384, 'confidence': 0.701}]",
429,,,True,,"Invalid text, empty strings are not allowed"
430, mrsdanklefs the moment you realize and remember every poster you made is backwards for your last google hangout of the school year ,,False,"[{'tag_name': 'Neutral', 'tag_id': 122921384, 'confidence': 0.539}]",
431,,,True,,"Invalid text, empty strings are not allowed"
432,great day for google classroom hangout kennelly_school cahillsfour maryvallera scott_zullo ,,False,"[{'tag_name': 'Positive', 'tag_id': 122921383, 'confidence': 0.497}]",
433,yikes just survived google hangout videocall where too much visual truth about my quarantined self was hd evide ,,False,"[{'tag_name': 'Negative', 'tag_id': 122921385, 'confidence': 0.89}]",
434, look better on teams than do on zoom where look horrific blue jeans look super rough google hangout wow ,,False,"[{'tag_name': 'Negative', 'tag_id': 122921385, 'confidence': 0.585}]",
435, sketchyqueersnn the next meeting of queer sketchbook club online will be tomorrow the rd of may from am until pm gmt the th ,,False,"[{'tag_name': 'Neutral', 'tag_id': 122921384, 'confidence': 0.647}]",
436, stevekellyuk once again it was an absolute pleasure and honour to join my colleagues keighleycollege on our weekly google hangout  ,,False,"[{'tag_name': 'Positive', 'tag_id': 122921383, 'confidence': 0.914}]",
437,once again it was an absolute pleasure and honour to join my colleagues keighleycollege on our weekly google hango ,,False,"[{'tag_name': 'Neutral', 'tag_id': 122921384, 'confidence': 0.621}]",
438,is google hangout link the equivalent of green imessage patticus and neeldesai discuss zoom vs google on ,,False,"[{'tag_name': 'Neutral', 'tag_id': 122921384, 'confidence': 0.844}]",
439,,,True,,"Invalid text, empty strings are not allowed"
440, mrsscarfone nothing beats taking your learning outside in the sunshine today my daughter was literally hanging out in swing ,,False,"[{'tag_name': 'Negative', 'tag_id': 122921385, 'confidence': 0.687}]",
441,,,True,,"Invalid text, empty strings are not allowed"
442, _jumaallan ll be live this friday at the young devs hangout by reubenkihiu with dcoustawilson georgemandis and madona_syombua ,,False,"[{'tag_name': 'Neutral', 'tag_id': 122921384, 'confidence': 0.724}]",
443,,,True,,"Invalid text, empty strings are not allowed"
444, madona_syombua ll be live this friday at the young devs hangout hosted by reubenkihiu with dcoustawilson georgemandis and _ju ,,False,"[{'tag_name': 'Neutral', 'tag_id': 122921384, 'confidence': 0.76}]",
445, reubenkihiu the dev hangout giveaway is here free google playstore accounts premium courses and cash prizes up for grabs fill th ,,False,"[{'tag_name': 'Positive', 'tag_id': 122921383, 'confidence': 0.973}]",
446, dmhsps_tdsb don miss it unstoppabletrac will be our guest speaker at our june hilliardpride google ss hangout at am we are ,,False,"[{'tag_name': 'Neutral', 'tag_id': 122921384, 'confidence': 0.68}]",
447, sketchyqueersnn the next meeting of queer sketchbook club online will be tomorrow the rd of may from am until pm gmt the th ,,False,"[{'tag_name': 'Neutral', 'tag_id': 122921384, 'confidence': 0.647}]",
448, jessekellydc if you could hangout with one great warrior or general or soldier from all of history who would it  ,,False,"[{'tag_name': 'Positive', 'tag_id': 122921383, 'confidence': 0.798}]",
449,tyler art work from yesterday google hangout he is loving these online lessons lwsacademy lws_art ,,False,"[{'tag_name': 'Positive', 'tag_id': 122921383, 'confidence': 0.882}]",
450, lapetiteeve emma black joined the google hangout and explained in detail how she already resents her future child for like minutes,,False,"[{'tag_name': 'Negative', 'tag_id': 122921385, 'confidence': 0.736}]",
451,emma black joined the google hangout and explained in detail how she already resents her future child for like minutes ,,False,"[{'tag_name': 'Negative', 'tag_id': 122921385, 'confidence': 0.713}]",
452,the next meeting of queer sketchbook club online will be tomorrow the rd of may from am until pm gmt the ,,False,"[{'tag_name': 'Neutral', 'tag_id': 122921384, 'confidence': 0.779}]",
