#LOCKDOWN,
words,value
Lockdown,589
covid-19,220
lifted,220
coronavirus,193
grocery,107
remained,89
isolation,70
people,69
economy,67
new,65
video,61
best,60
travelling,60
beautiful,59
social,58
train,58
days,55
time,55
media,54
government,53
out,53
nature,53
blossoms,52
were,52
red,51
activities,50
bogies,50
circulating,50
stating,50
railminindia,50
flowers,50
claim,50
first,50
will,50
cast,49
replete,49
pibfactcheck,49
woman,49
infant,49
fill,48
emptiness,48
fragrance,46
today,45
just,44
one,43
about,42
here,41
read,38
day,37
restrictions,36
india,36
home,36
consists,35
down,35
done,34
please,34
more,34
since,33
work,33
before,32
should,32
some,31
take,31
help,30
like,30
food,30
much,30
hyderabad,29
their,29
over,28
valimai,27
chennai,27
make,27
shoot,27
living,27
follow,27
ajith,26
happy,25
there,25
continue,25
may,24
uk,24
weeks,24
use,24
retweet,23
news,23
update,22
very,22
guidelines,22
know,22
staysafe,22
longer,22
being,21
migrant,21
live,21
larger,21
sample,21
because,21
source,20
question,20
last,20
film,20
love,20
week,20
daily,20
health,19
far,19
life,19
would,19
state,19
through,19
together,19
massajith,19
morning,19
while,19
well,19
services,19
than,19
open,18
keep,18
going,18
pandemic,18
point,18
tomorrow,18
need,18
stayhome,18
support,17
birds,17
everyone,17
police,17
bus,17
line,17
only,17
saga,17
still,17
films,16
march,16
delhi,16
phase,16
quarantine,16
stay,16
online,16
fancy,16
ordering,16
historicalfiction,16
cover,15
see,15
mumbai,15
around,15
thank,15
corona,15
most,15
watch,15
robertselaine,15
actors,14
telecasted,14
vijay,14
off,14
way,14
restaurants,14
him,14
allow,14
different,14
two,14
which,14
china,14
available,14
tamil,14
themselves,14
look,13
migrantworkers,13
took,13
decision,13
run,13
package,13
stayhomestaysafe,13
find,13
another,13
thanks,13
tilaiyancks,13
exactly,13
failed,13
mess,13
show,13
keeping,13
spread,13
great,13
rmcoffice,13
running,13
mspmoviemaniac,13
telecast,13
family,12
many,12
monday,12
must,12
reports,12
labourers,12
inside,12
starting,12
man,12
restart,12
call,12
why,12
connected,12
brit,12
want,12
each,12
delivery,12
businesses,12
said,12
world,12
business,12
cases,11
times,11
country,11
govt,11
amazing,11
workers,11
three,11
tough,11
closing,11
institutions,11
imageoftheday,11
eucommission,11
presented,11
tourism,11
city,11
pic,11
interview,11
tv,11
post,11
hope,11
noir,11
checkin,11
dailycheckin,11
britnoirfilms,11
tanyalouisewall,11
bradwall,11
staystrong,11
introducing,11
free,11
jamesmjharrison,11
women,11
kpeastsubndiv,11
says,11
content,11
million,11
further,11
check,11
house,11
human,10
system,10
emergency,10
walk,10
good,10
enough,10
shaziaattamarri,10
sindhgovt,10
wise,10
educational,10
finall,10
defis_eu,10
respecting,10
heartbreaking,10
year,10
share,10
birthday,10
things,10
even,10
series,10
enjoy,10
gettingthroughcovid,10
bbc,10
lowcarbgp,10
proof,10
clarion,10
tax,10
junk,10
really,10
actor,10
throwback,10
own,10
staff,10
seen,10
short,10
bradwallactor,10
created,10
mental,10
prince,10
kaybees,10
zandazakuza,10
zolazeelovin,10
thabiso_lavish,10
favourite,10
think,10
win,10
competition,9
migrants,9
full,9
lock,9
end,9
frronconi,9
deep,9
illegal,9
received,9
doing,9
once,9
physical,9
ever,9
cook,9
team,9
tuesday,9
slt_worcs,9
travel,9
children,9
getting,9
fatemperor,9
simple,9
delhitimestweet,9
shaheer_s,9
posted,9
mahabharat,9
cleverly,9
fresh,9
announced,9
fightagainstcorona,9
proud,9
taking,9
important,9
perfect,9
copies,8
kidnap,8
leher,8
unemployment,8
public,8
lockdowns,8
special,8
citizens,8
shops,8
again,8
incidents,8
rights,8
lmkmoviemaniac,8
having,8
jenninemorgan,8
lordbrexit,8
friends,8
maharashtra,8
atmanirbharbharatabhiyan,8
atmanirbharbharat,8
person,8
dozens,8
activity,8
states,8
young,8
right,8
stop,8
deer,8
ahmedabad,8
working,8
goods,8
lot,8
book,8
accompany,8
mentalhealthawarenessweek,8
founder,8
awareness,8
june,8
night,8
radiogoldsmith,8
cuddle,8
curtain,8
drinking,8
area,8
try,8
order,8
idea,8
release,8
database,8
pics,8
district,8
freeview,8
highlight,8
superb,8
valley,8
talkingpicstv,8
lifting,8
member,8
celebrate,8
narendramodi,7
period,7
school,7
leagueacs,7
prey,7
rules,7
within,7
chance,7
facebook,7
socialdistancing,7
stranded,7
trying,7
situation,7
below,7
relaxations,7
scary,7
kadiwarkarim,7
shameful,7
never,7
using,7
complete,7
view,7
areas,7
extended,7
coming,7
experts,7
quiet,7
jasuja,7
broke,7
famous,7
restaurant,7
gajanan,7
parotha,7
cooked,7
rice,7
potat,7
case,7
removed,7
releasing,7
mathematics,7
ends,7
give,7
brought,7
cut,7
shop,7
ready,7
declared,7
pune,7
cat,7
training,7
resumption,7
hard,7
party,7
crore,7
lakh,7
enforcing,7
simplysig,7
month,7
rajamahendravaram,7
containment,7
entire,7
community,7
cakesthebrain,7
signed,7
brother,6
fact,6
closely,6
related,6
lockdownextention,6
technology,6
staying,6
busy,6
such,6
used,6
across,6
able,6
handle,6
middle,6
yesterday,6
amid,6
click,6
forget,6
natures_voice,6
flooded,6
killed,6
mask,6
against,6
trains,6
print,6
too,6
streets,6
years,6
ago,6
yes,6
fine,6
fight,6
massive,6
gathering,6
challenging,6
date,6
wrong,6
strength,6
challenge,6
sales,6
gone,6
helping,6
incredible,6
taken,6
join,6
indian,6
lovely,6
loans,6
crime,6
something,6
others,6
ruskinbond,6
tell,6
dealing,6
feel,6
purchase,6
looks,6
traffic,6
emmett,6
quote,6
long,6
buy,6
timesofindia,6
chief,6
comes,6
learn,6
hour,6
employees,6
hand,6
death,6
likely,6
months,6
pay,6
come,6
latest,6
resume,6
joyb,6
debate,6
helptaunton,6
present,6
centric,6
per,6
care,6
pakistan,6
beagle,6
reopened,6
municipal,6
threeminutehistory,6
zones,6
number,6
double,6
murder,6
thecableng,6
looking,6
roads,6
other,6
northern,5
encourager,5
angry,5
worried,5
forward,5
aside,5
bert,5
shaun,5
gertie,5
humans,5
facing,5
england,5
turns,5
strictly,5
build,5
wasted,5
loc,5
virus,5
easing,5
put,5
dogs,5
occasion,5
touch,5
abuse,5
internet,5
developer,5
ravikikan,5
geek,5
coding,5
lake,5
distributed,5
arriving,5
ghazipur,5
same,5
movie,5
quite,5
contest,5
seems,5
images,5
danishsait,5
voice,5
hello,5
music,5
super,5
families,5
demand,5
immediately,5
wonderful,5
step,5
stories,5
ration,5
card,5
returns,5
someone,5
scienceshared,5
broader,5
publichealthemergency,5
fit,5
creative,5
create,5
reflect,5
plus,5
recovery,5
wanted,5
outside,5
sir,5
water,5
locked,5
safety,5
tife,5
follow_lockdown_rules,5
effect,5
mastered,5
opening,5
play,5
arrested,5
message,5
coffee,5
manavdharam,5
manav_utthan_sewa_samiti,5
future,5
increase,5
nutshellgk,5
helps,5
puppy,5
drdenagrayson,5
placed,5
youtube,5
corporation,5
sleeping,5
president,5
nation,5
story,5
usa,5
answer,5
crowseyeuk,5
nrloven,5
alivyavfree,5
developed,5
become,5
livemint,5
pivotorperish,5
classrooms,5
core,5
byju,5
raveendran,5
execu,5
scotland,5
absolutely,5
announcement,5
ireland,4
confirm,4
cautious,4
approach,4
willmart,4
bibbeth,4
nicolasturgeon,4
seriously,4
underestimated,4
li,4
dotty,4
paws,4
andrex,4
left,4
page,4
edition,4
peacocks,4
spotted,4
normally,4
unexpected,4
standing,4
exercise,4
aware,4
karnataka,4
less,4
affected,4
workforce,4
jio,4
fabulous,4
wear,4
fighting,4
htdelhi,4
bollywood,4
proving,4
assam,4
thronging,4
scant,4
regard,4
kind,4
contestindia,4
contestgiveaway,4
teachers,4
immunity,4
job,4
updates,4
ease,4
leather,4
gave,4
malls,4
anyone,4
japan,4
nara,4
enjoying,4
beneat,4
heart,4
bengaluru,4
comedian,4
became,4
namma,4
nagarada,4
huduga,4
nograj,4
stuck,4
statement,4
fed,4
lizatkin,4
sadly,4
does,4
part,4
already,4
sandipsabharwal,4
easy,4
nice,4
early,4
lives,4
bored,4
lost,4
negative,4
tobs_tnie,4
importance,4
changes,4
consumer,4
pattern,4
talking,4
crisis,4
next,4
beach,4
glory,4
eye,4
wellbeing,4
vixthespeechie,4
clean,4
few,4
hands,4
dm,4
bjp,4
private,4
episode,4
courses,4
building,4
issues,4
pause,4
animation,4
pizza,4
sanitation,4
blog,4
moment,4
parking,4
talk,4
group,4
little,4
street,4
implementing,4
ps,4
strict,4
naka,4
checking,4
continued,4
nationwide,4
australia,4
fun,4
extend,4
wide,4
medical,4
list,4
claims,4
breaking,4
collection,4
wire,4
whole,4
ring,4
fauci,4
aka,4
folly,4
always,4
war,4
listener,4
receiving,4
press,4
vivekanandg,4
bhubaneswar,4
jai,4
jagannath,4
enforced,4
incomp,4
box,4
caught,4
unprecedented,4
worker,4
sector,4
saving,4
protect,4
nothing,4
masks,4
flash,4
ask,4
every,4
seagulls,4
then,4
report,4
virtual,4
held,4
god,4
topic,4
difference,4
lockdownindia,4
spend,4
opportunity,4
persons,4
fans,4
national,4
europe,4
periodwardrobe,4
xpressandhra,4
nearly,4
disabilities,4
hidden,4
money,4
restrict,4
four,4
indiafightscorona,4
row,4
herbalife,4
thecable,4
managed,3
animal,3
tapashishc,3
second,3
summergiveaway,3
officialgovern,3
students,3
customer,3
wake,3
initiated,3
center,3
ibhubs,3
remembere,3
decided,3
reading,3
research,3
maps,3
theqknit,3
coronaviruspandemic,3
tag,3
kidscape,3
residential,3
start,3
lockdownextended,3
until,3
tally,3
say,3
abo,3
black,3
design,3
made,3
reach,3
ghmc,3
permission,3
alternate,3
pubs,3
bars,3
theaters,3
exams,3
mean,3
located,3
ashramgzb,3
moratorium,3
interest,3
emi,3
payments,3
tasty,3
exclusive,3
memories,3
ways,3
prevent,3
worse,3
volunteers,3
ride,3
experience,3
stress,3
study,3
plan,3
eased,3
measures,3
extensions,3
assocham,3
cusp,3
spiritual,3
awakening,3
record,3
numbers,3
begun,3
attending,3
churchonline,3
results,3
mnrega,3
leads,3
