#ONLINELEARNING,
words,value
online,139
onlinelearning,110
students,63
learning,61
join,51
zoom,45
knowledge,45
learn,44
distancelearning,40
live,38
free,36
way,35
more,34
today,33
education,32
help,31
covid,29
elearning,27
out,27
have,26
may,24
virtual,24
paper,23
teaching,22
remotelearning,22
program,21
class,21
business,20
course,20
check,20
courses,20
only,19
some,18
week,18
english,18
just,17
different,17
crisis,17
home,17
but,16
future,16
going,16
summer,16
tomorrow,15
technical,15
amid,15
blended,15
another,15
webinar,15
session,15
powerpoint,15
engage,15
teachers,14
read,14
share,14
start,14
any,14
get,14
earn,14
remote,14
children,13
world,13
educators,13
skills,13
time,13
ways,13
thank,13
career,13
present,13
register,12
one,12
workshop,12
find,12
thursday,12
jmattmiller,12
use,11
great,11
next,11
AI,11
university,11
device,11
slides,11
transl,11
technology,10
iste,10
looking,10
school,10
year,10
thoughts,10
amardeepkaushal,10
statistics,10
educhat,10
digitaleducation,10
thanks,10
educational,10
top,10
know,10
fun,10
make,10
certificate,10
video,9
communication,9
much,9
gcse,9
designed,9
there,9
chat,9
over,9
link,9
improve,9
research,9
parents,9
their,9
sign,9
using,9
work,9
being,9
gearing,9
informative,9
info,9
tillieelvrum,9
opportunity,9
easy,9
effectively,8
stay,8
drcharlwood,8
teachingfromhome,8
most,8
digital,8
support,8
back,8
take,8
student,8
keep,8
compasscs,8
ccsenroll,8
need,8
caisocial,8
recognition,8
deserve,8
board,8
leader,8
steps,8
bettering,8
experts,8
key,7
want,7
istecert,7
offered,7
fully,7
format,7
forget,7
still,7
first,7
who,7
access,7
say,7
leaders,7
schools,7
busy,7
latest,7
engaging,7
edtech,7
mishraaashish,7
lockdownextended,7
aatmanirbharapnabharat,7
aftercovid,7
day,7
amazing,7
create,7
projforeverfree,7
assignments,7
pay,7
final,7
dissertation,7
algebra,7
very,6
discuss,6
clear,6
positive,6
classro,6
see,6
effective,6
pencil,6
twitter,6
futureofschool,6
like,6
while,6
good,6
click,6
below,6
professional,6
tips,6
around,6
speak,6
offering,6
during,6
labour,6
kids,6
should,6
districts,6
book,6
without,6
joebiden,6
love,6
path,5
feedback,5
where,5
come,5
available,5
staff,5
joannashields,5
boundaries,5
empowering,5
safeonline,5
helpful,5
training,5
social,5
discover,5
lessons,5
onlineteaching,5
futureof_school,5
tuesd,5
wednesday,5
special,5
ready,5
these,5
language,5
happy,5
tip,5
things,5
many,5
art,5
researchers,5
process,5
hours,5
taking,5
cartoonlka,5
cartoon,5
pradeep,5
srilanka,5
berniesanders,5
unity,5
young,5
resources,5
show,5
edinfluencers,5
southjoseph,5
large,5
urban,5
coordinating,5
own,5
tu_recruitment,5
comfort,5
browse,5
cour,5
provide,4
building,4
based,4
feel,4
part,4
ideas,4
creative,4
president,4
onlinelearni,4
remoteteaching,4
working,4
custom,4
announced,4
gmt,4
yourself,4
youtube,4
designing,4
lesson,4
thinking,4
international,4
download,4
month,4
freelancing,4
homelearning,4
move,4
off,4
months,4
few,4
shares,4
ma,4
care,4
ever,4
mean,4
data,4
than,4
which,4
bulk,4
elements,4
asynchronous,4
because,4
cases,4
article,4
news,4
series,4
best,4
tech,4
forward,4
highered,4
hey,4
level,4
served,4
decades,4
model,4
perspective,4
joboaler,4
minds,4
tune,4
right,4
classes,4
college,4
learnin,4
power,4
shark,4
tutor,4
learned,4
would,4
python,4
lockdown,4
something,3
academic,3
essay,3
graduates,3
programme,3
systems,3
engagement,3
doing,3
under,3
calculus,3
done,3
each,3
every,3
into,3
sources,3
