#VIRTUALINTERNSHIP,
words,value
virtual,110
virtuallearning,88
learning,59
students,37
google,30
training,30
tips,30
they,30
join,30
more,29
online,28
out,28
learn,28
workshops,26
transforming,25
time,25
week,24
about,24
make,23
fun,23
summer,22
next,21
school,20
great,20
check,19
one,18
like,17
teachers,17
class,17
up,17
team,17
working,17
grade,17
day,16
compasscs,16
some,16
right,16
will,16
help,16
looking,16
me,16
free,15
remotelearning,15
resources,15
year,14
work,14
classroom,14
science,14
during,14
home,14
every,14
need,14
pandemic,14
problem,13
educators,13
live,13
program,13
schools,13
use,13
may,13
making,12
development,12
just,12
steps,12
distancelearning,12
academy,12
meet,12
has,12
latest,12
register,12
was,12
thanks,11
https,11
remote,11
way,11
look,11
coach,11
who,11
very,11
teaching,11
thursday,11
know,11
blog,11
own,11
first,10
share,10
children,10
education,10
when,10
not,10
lewis,10
keep,10
offers,10
creating,10
collection,10
environment,10
rocking,10
through,10
webinar,10
presented,10
morning,10
into,10
classrooms,9
welcome,9
going,9
good,9
safety,9
world,9
excited,9
social,9
covid,9
happening,9
see,9
student,9
post,9
person,9
launched,9
downloadable,9
maths,9
freely,9
available,9
digital,9
classes,8
kids,8
open,8
courses,8
completed,8
offering,8
successful,8
take,8
were,8
experience,8
photo,8
enhance,8
mcsoxford,8
id,8
been,8
locked,8
mcaofga,8
tomorrow,8
registration,8
done,8
being,8
few,7
library,7
happy,7
charterlove,7
charterschoolsweek,7
might,7
last,7
bring,7
onlinelearning,7
workshop,7
also,7
potential,7
district,7
mitigate,7
loss,7
result,7
professional,7
mid,7
pacific,7
ahead,7
graders,7
after,7
tonight,7
pm,7
educational,7
ticalculators,7
atlanta_virtual,7
fantastic,6
stay,6
thing,6
two,6
course,6
weeks,6
most,6
sure,6
music,6
ever,6
engage_learning,6
lessons,6
zoom,6
minutes,6
thoughtful,6
compli,6
mat,6
spread,6
kindness,6
placemat,6
filled,6
compliments,6
dylan,6
robotics,6
thinking,6
days,6
visit,6
hair,6
laugh,6
lol,6
materials,6
teachertwitter,6
play,6
build,6
transitioning,6
riddled,6
obstacles,6
fast,6
using,6
face,6
including,6
ava,6
congratulations,6
form,6
link,6
there,6
md,6
data,6
shift,6
effective,6
safe,5
following,5
games,5
virtualle,5
teacher,5
event,5
carry,5
creative,5
them,5
book,5
virtualclassroom,5
lesson,5
does,5
over,5
even,5
everything,5
challenge,5
credit,5
haedoutreach,5
beacon,5
professionallearning,5
love,5
leaders,5
learnelementary,5
spreadlove,5
want,5
member,5
club,5
together,5
knowledge,5
shares,5
ericaangelo,5
leadership,5
facilitated,5
ms_albam,5
autism,5
covi,5
helping,5
opportunity,5
mini,5
many,5
starting,5
fall,5
birthday,5
coachlenatl,5
friend,5
delivered,5
math,5
series,5
based,5
hs,5
full,5
leverage,5
est,5
house,5
future,5
scepterquinn,5
hailstatewbk,5
field,5
well,5
his,5
forbes,5
contributor,5
jacquelyncorley,5
forecasts,5
healthcare,5
industry,5
national,5
shsarty,5
art,5
systems,5
guidelines,4
predict,4
spot,4
difference,4
jisbrunei,4
jisjuniors,4
faculty,4
advanced,4
showcase,4
teach,4
water,4
video,4
remember,4
better,4
awesome,4
evidence,4
staff,4
family,4
hunt,4
hudsonalpha,4
below,4
country,4
took,4
support,4
ins,4
seen,4
guest,4
triciatailored,4
still,4
ready,4
high,4
girls,4
follow,4
host,4
weekly,4
hours,4
study,4
altitudelearn,4
hancock_catina,4
strategies,4
wondered,4
behind,4
lea,4
something,4
find,4
showcasing,4
sped,4
choosecompass,4
siblings,4
illinois,4
brother,4
hot,4
rod,4
classic,4
approach,4
various,4
back,4
down,4
engagement,4
kellenmsampson,4
uhcougarmbk,4
ideas,4
proud,4
talk,4
did,4
hard,4
maker,4
walking,4
goals,4
details,4
info,4
inquiring,4
childrightscharter,4
unicef,4
formulated,4
responsibilities,4
spent,4
nd,4
where,4
really,4
wealth,4
little,4
levelexteam,4
increa,4
answer,4
skills,4
real,4
john,4
employers,4
lovelies,4
meetings,4
becoming,4
reality,4
dressing,4
enjoying,4
simple,3
juniorcomputing,3
junior_library,3
junior,3
davidgostelow,3
inspiration,3
trend,3
throughly,3
healthy,3
compasscares,3
edurolearning,3
midpacific,3
technology,3
designed,3
display,3
finish,3
yesterday,3
activity,3
involves,3
colors,3
dotted,3
lines,3
tiny,3
constructed,3
lego,3
ensure,3
explore,3
story,3
start,3
edtech,3
isedcoach,3
mentalhealth,3
emotional,3
much,3
important,3
distancing,3
quarantine,3
takes,3
job,3
adenwarren,3
secondgrade,3
clarkintermediate,3
collected,3
depending,3
thank,3
families,3
joyful,3
kispride,3
scavenger,3
iclicker,3
notredamewh,3
schwartz,3
cross,3
diving,3
inspiring,3
gonoodle,3
frozen,3
brain,3
break,3
virtualteacher,3
amazing,3
come,3
petermdewitt,3
office,3
november,3
ran,3
rec_foundation,3
girlpowered,3
meeting,3
beer,3
having,3
activities,3
developed,3
moment,3
compassex,3
oceanbound,3
sweaters,3
variety,3
electives,3
supplemental,3
content,3
miss,3
research,3
mariminetaclapp,3
elearnindustry,3
homeschooling,3
homeschool,3
running,3
cool,3
set,3
second,3
telling,3
happens,3
salvador,3
dali,3
word,3
lt,3
gt,3
companies,3
shell,3
drill,3
principals,3
exhibition,3
leader,3
actors,3
begin,3
kindergarten,3
learners,3
past,3
hosting,3
only,3
counselor,3
anjalitomar,3
inqu,3
key,3
continued,3
sessions,3
comes,3
sharing,3
asking,3
pleasure,3
skill,3
never,3
alliance,3
uopx,3
blackboard,3
podcast,3
song,3
pass,3
vitually,3
reduces,3
stress,3
resulting,3
traffic,3
exposure,3
pollution,3
parents,3
remoteteaching,3
attend,3
led,3
lots,3
produced,3
shrewsburyhigh,3
beautiful,3
best,3
incredible,3
another,3
focused,3
normal,3
virtually,3
sales,3
tools,3
rptelaw,3
conference,3
instruction,3
filming,3
cnn,3
inventingtomorrow,3
outside,3
jmschku,3
slammed,3
developing,3
fashionmatters_,3
seeing,3
suncityschool,3
strong,2
alumnus,2
latimore,2
switching,2
gears,2
elementary,2
attending,2
went,2
artholmquist,2
gues,2
theheritageschoolnorthcampus,2
cbseschool,2
privacy,2
lovers,2
buddy,2
update,2
adventures,2
pandaedultd,2
focussing,2
wellbeing,2
months,2
raintreesystems,2
isolation,2
place,2
before,2
clarkcats,2
interpreted,2
understand,2
causality,2
historical,2
narrative,2
change,2
show,2
magical,2
musical,2
instruments,2
sound,2
trust,2
utms,2
walk,2
beat,2
score,2
items,2
theu,2
midd,2
impressed,2
lily,2
continuing,2
cello,2
america,2
practising,2
supporti,2
onboarding,2
tricks,2
natalie,2
dougall,2
advocate,2
trainer,2
ways,2
ndseniorspotlig,2
gardening,2
features,2
selections,2
rrc,2
vazquez,2
anyone,2
else,2
studio,2
mess,2
visuals,2
piano,2
lovepiano,2
lovemusic,2
communities,2
ok,2
quite,2
yet,2
coronavirus,2
tanyaleclair,2
synchronous,2
asynchronous,2
progress,2
getting,2
engage,2
global,2
cheryle,2
shaffer,2
mainstream,2
coordinator,2
clarke,2
philadelphia,2
access,2
equityed,2
solving,2
building,2
basflouisiana,2
vexroboti,2
melinda,2
harris,2
cannot,2
wait,2
cow,2
drew,2
no,2
academics,2
chores,2
information,2
room,2
laurelsprings,2
areas,2
oxygenexp,2
eng,2
disciplines,2
peer,2
reviewed,2
required,2
lunch,2
uccs,2
colleges,2
ensuring,2
ap,2
screen,2
fact,2
sat,2
rezsuan,2
lowcountryyouth,2
hear,2
turned,2
continue,2
ted,2
twitter,2
moth,2
found,2
yard,2
fearing,2
wave,2
cal,2
state,2
otter_ai,2
remo,2
scratchjr,2
user,2
friendly,2
coding,2
app,2
primary,2
links,2
mrsjcipolla,2
say,2
events,2
stayhome,2
bahk,2
tech,2
feel,2
presenting,2
part,2
screenshots,2
marketing,2
director,2
f,2
efficient,2
life,2
progr,2
participate,2
chicka,2
boom,2
academic,2
kiddos,2
prep,2
staystronglions,2
isdstrong,2
beginning,2
project,2
wants,2
questions,2
serology,2
testing,2
community,2
four,2
elearning,2
instructionaldesigners,2
exam,2
picture,2
media,2
built,2
dream,2
three,2
webinars,2
trends,2
reminder,2
cleveland,2
clinic,2
starts,2
noon,2
loved,2
racing,2
condensed,2
slides,2
multiple,2
race,2
partnership,2
siaonline,2
ssntalks,2
pumped,2
discuss,2
accesscontrol,2
years,2
food,2
facebook,2
flexlabs,2
designing,2
considerations,2
lucy,2
learningboxed,2
aelpuk,2
pleased,2
should,2
tvanderark,2
moder,2
graduating,2
task,2
gap,2
demonstration,2
penny,2
batteries,2
electrifying,2
battery,2
dont,2
which,2
turn,2
asked,2
lemonopolis,2
coming,2
soon,2
write,2
people,2
list,2
elaineamari,2
showing,2
stellar,2
cornellnotes,2
discussions,2
thisisavid,2
learninganddevelopment,2
women,2
amanda,2
nadege,2
timely,2
stall,2
intro,2
computer,2
python,2
space,2
larry,2
ferlazzo,2
top,2
edweekteacher,2
nuggets,2
mastery,2
bit,2
cpd,2
leadershiptd,2
ethics,2
knew,2
psst,2
wickedhp,2
michaeljackson,2
danceoff,2
ancillary,2
writing,2
prompt,2
chicken,2
tutoring,2
productive,2
piece,2
educator,2
chatting,2
saint,2
thomas,2
aquinas,2
put,2
son,2
davine,2
drawn,2
tps_history,2
oliver,2
salami,2
afternoon,2
friday,2
ancient,2
preserving,2
meat,2
libbybeaty,2
digitalprocessjournals,2
recreations,2
famous,2
artwork,2
middlesc,2
genuine,2
stuff,2
learned,2
choice,2
plays,2
embrace,2
train,2
instructabeats,2
charmeckschools,2
digitallearning,2
provide,2
launchx,2
highschoolentrepreneur,2
technical,2
cofounder,2
scholas,2
york,2
alumni,2
career,2
volunteer,2
pienkos,2
track,2
marching,2
band,2
ping,2
pong,2
airplanes,2
librarylife,2
adapting,2
considering,2
ielts,2
cpa_ab,2
dark,2
web,2
underbelly,2
internet,2
lurks,2
beneath,2
surface,2
risks,2
benefits,2
mediasite,2
norm,2
fuel,2
gaad,2
sign,2
website,2
because,2
remotely,2
connected,2
annual,2
cognitive,2
cardio,2
scenario,2
complexities,2
strips,2
core,2
issues,2
map,2
possible,2
klustout,2
coun,2
imaginelearning,2
implement,2
fidelity,2
imagine,2
curriculum,2
solution,2
providing,2
isaac,2
grandad,2
fought,2
war,2
delve,2
history,2
listening,2
speakertoyejv,2
geographers,2
murray,2
streaming,2
drama,2
engaged,2
pupils,2
reverse,2
mentoring,2
short,2
yes,2
listen,2
different,2
