#ZOOM MEETING,
words,value
zoomapp,94
zoommeeting,70
security,30
zoom,27
students,18
video,14
online,13
app,13
workassignments,10
indian,10
crore,8
families,8
sessions,7
learn,7
use,7
watch,7
lockdown,6
classes,6
any,5
know,5
am,5
safe,5
meeting,4
like,4
all,4
my,4
here,4
mac,4
zoom_us,4
start,4
live,4
using,4
year,4
yesterday,4
defeated,4
playing,4
antakshri,4
university,3
delete,3
zoomaccount,3
completely,3
remove,3
updates,3
about,3
functioning,3
meet,3
don,3
concerns,3
google,3
conferencing,3
apps,3
link,3
today,3
still,3
popular,3
downloaded,3
vinaydokania,3
first,3
time,3
years,3
hurrah,3
travel,3
jetlag,3
tbyevents,3
credit_oman,3
omanchamber,3
ubharcapital,3
visit,3
theheritageschool,3
attended,2
access,2
updating,2
free,2
open,2
qnetfraudalert,2
click,2
join,2
tomorrow,2
chance,2
very,2
short,2
notice,2
great,2
explanation,2
orders,2
delhi,2
centralgovernment,2
assalam,2
alaikum,2
actor,2
studio,2
announces,2
writer,2
table,2
training,2
screenplay,2
scripting,2
uninstall,2
more,2
when,2
expect,2
again,2
unable,2
host,2
new,2
privacy,2
say,2
our,2
quarantine,2
june,2
class,2
student,2
during,2
microsoft,2
teams,2
government,2
officials,2
wondering,2
most,2
world,2
always,2
wit,2
launch,2
messenger,2
let,2
meet,2
peer,2
they,2
uber,2
over,2
calls,2
onlinelearning,2
conference,2
room,2
fix,2
read,2
ward,2
zumba,2
por,2
de,2
index,2
fund,2
crushed,2
nasdaq,2
re,2
missing,2
half,2
through,2
annetterdowd,2
homeschool,2
what,2
imposed,2
who,2
tbyupdates,2
liveevents,2
school,2
latest,2
lkg,2
assignments,2
icseschool,2
